Group_ID,Light_Treatment_Population_white_eyed_Female,Light_Treatment_Population_wild_type_Female,Light_Treatment_Population_white_eyed_Male,Light_Treatment_Population_wild_type_Male,Light_Treatment_Frequency_for_white_eyed_Allele,Dark_Treatment_Population_white_eyed_Female,Dark_Treatment_Population_wild_type_Female,Dark_Treatment_Population_white_eyed_Male,Dark_Treatment_Population_wild_type_Male,Dark_Treatment_Frequency_for_white_eyed_Allele,Reporting_Year,Chron Order,,,,,,,
F20_13,0,18,10,13,0.435,3,17,8,12,0.4,F20,1,,,,,,,
F20_15,1,20,10,9,0.526,0,19,0,20,0,F20,5,,,,,,,
F20_17,0,22,0,18,0,0,22,0,18,0,F20,2,,,,,,,
F20_19,4,16,8,12,0.4,9,13,9,8,0.529,F20,3,,,,,,,
F20_21,2,18,8,13,0.381,4,14,8,14,0.364,F20,9,,,,,,,
F20_27,9,11,8,12,0.4,10,10,8,12,0.4,F20,19,,,,,,,
F20_29,9,11,8,12,0.4,10,10,8,12,0.4,F20,21,,,,,,,
F20_31,9,10,8,13,0.381,8,7,9,16,0.36,F20,17,,,,,,,
F20_33,4,21,1,15,0.063,7,18,2,13,0.133,F20,16,,,,,,,
F20_35,2,18,4,16,0.2,4,16,15,5,0.75,F20,18,,,,,,,
F20_43,0,19,8,13,0.381,8,13,10,9,0.526,F20,11,,,,,,,
F20_45,0,16,8,16,0.333,2,17,2,19,0.095,F20,10,,,,,,,
F20_47,1,19,5,15,0.25,4,16,6,14,0.3,F20,20,,,,,,,
F20_49,3,23,0,15,0,1,22,0,17,0,F20,14,,,,,,,
F20_51,0,18,0,20,0,8,8,11,13,0.458,F20,4,,,,,,,
F20_59,1,13,8,17,0.32,3,17,8,13,0.381,F20,24,,,,,,,
F20_61,2,21,1,18,0.053,0,16,5,18,0.217,F20,22,,,,,,,
F20_63,4,18,9,9,0.5,0,18,9,13,0.409,F20,35,,,,,,,
F20_65,4,18,5,13,0.278,6,14,7,13,0.35,F20,26,,,,,,,
F20_67,0,16,3,21,0.125,12,8,11,7,0.611,F20,25,,,,,,,
F20_69,1,20,2,18,0.1,8,12,6,13,0.316,F20,23,,,,,,,
F20_75,10,11,7,12,0.368,3,19,6,12,0.333,F20,28,,,,,,,
F20_77,2,22,4,12,0.25,0,18,9,13,0.409,F20,37,,,,,,,
F20_79,0,17,11,12,0.478,6,12,7,15,0.318,F20,31,,,,,,,
F20_81,0,20,3,17,0.15,1,19,5,15,0.25,F20,27,,,,,,,
F20_83,0,17,8,15,0.348,1,11,19,9,0.679,F20,32,,,,,,,
F20_85,0,19,0,21,0,0,16,0,24,0,F20,30,,,,,,,
F20_91,4,16,5,15,0.25,0,18,0,22,0,F20,39,,,,,,,
F20_93,0,12,11,17,0.393,0,16,11,13,0.458,F20,276,,,,,,,
F20_95,1,20,5,14,0.263,0,19,2,19,0.095,F20,33,,,,,,,
F20_99,0,20,0,20,0,8,12,11,9,0.55,F20,40,,,,,,,
F20_101,2,17,9,13,0.409,7,12,7,14,0.333,F20,36,,,,,,,
F20_103,1,19,4,16,0.2,0,16,20,4,0.833,F20,34,,,,,,,
F20_105,0,16,0,24,0,1,17,0,22,0,F20,38,,,,,,,
F20_107,0,17,0,20,0,0,22,0,18,0,F20,42,,,,,,,
F20_109,0,19,0,21,0,0,16,7,17,0.292,F20,47,,,,,,,
F20_111,0,18,7,15,0.318,0,17,7,16,0.304,F20,54,,,,,,,
F20_113,0,9,18,13,0.581,1,8,20,9,0.69,F20,44,,,,,,,
F20_115,9,7,12,12,0.5,10,11,8,11,0.421,F20,41,,,,,,,
F20_117,0,20,4,16,0.2,1,17,4,18,0.182,F20,43,,,,,,,
F20_123,8,10,10,12,0.455,8,10,9,13,0.409,F20,52,,,,,,,
F20_125,0,19,0,21,0,0,16,7,17,0.292,F20,60,,,,,,,
F20_127,1,19,3,17,0.15,6,14,7,13,0.35,F20,56,,,,,,,
F20_129,0,18,0,22,0,0,21,1,18,0.053,F20,51,,,,,,,
F20_131,0,16,3,21,0.125,7,12,12,9,0.571,F20,59,,,,,,,
F20_135,1,21,1,17,0.056,0,20,20,0,1,F20,61,,,,,,,
F20_139,6,12,7,15,0.318,0,19,0,21,0,F20,57,,,,,,,
F20_141,0,21,2,17,0.105,0,20,2,18,0.1,F20,48,,,,,,,
F20_143,4,14,6,16,0.273,2,16,6,16,0.273,F20,46,,,,,,,
F20_145,0,23,0,17,0,1,22,0,17,0,F20,55,,,,,,,
F20_147,4,16,6,14,0.3,2,16,6,16,0.273,F20,50,,,,,,,
F20_149,7,12,8,13,0.381,4,18,6,12,0.333,F20,49,,,,,,,
F20_151,0,15,7,18,0.28,0,20,20,0,1,F20,62,,,,,,,
F20_155,0,20,0,20,0,0,17,0,23,0,F20,64,,,,,,,
F20_157,0,20,8,12,0.4,0,20,8,12,0.4,F20,69,,,,,,,
F20_159,2,20,5,13,0.278,2,20,4,14,0.222,F20,66,,,,,,,
F20_161,1,22,3,14,0.176,1,20,6,13,0.316,F20,65,,,,,,,
F20_163,3,15,6,16,0.273,8,11,12,9,0.571,F20,70,,,,,,,
F20_165,0,9,2,29,0.065,4,13,9,14,0.391,F20,67,,,,,,,
F20_167,4,16,9,11,0.45,0,20,20,0,1,F20,68,,,,,,,
F20_171,3,18,8,11,0.421,2,17,7,15,0.318,F20,75,,,,,,,
F20_173,0,18,8,14,0.364,0,16,8,16,0.333,F20,77,,,,,,,
F20_175,1,19,3,17,0.15,1,20,5,14,0.263,F20,79,,,,,,,
F20_177,4,16,5,15,0.25,4,15,7,14,0.333,F20,71,,,,,,,
F20_179,0,20,2,18,0.1,8,12,12,8,0.6,F20,72,,,,,,,
F20_181,0,18,8,14,0.364,0,20,6,14,0.3,F20,80,,,,,,,
F20_187,4,15,6,15,0.286,2,17,8,13,0.381,F20,81,,,,,,,
F20_189,2,9,6,21,0.222,3,7,8,24,0.25,F20,76,,,,,,,
F20_191,1,21,0,18,0,0,22,0,18,0,F20,74,,,,,,,
F20_193,0,20,0,20,0,1,17,3,11,0.214,F20,82,,,,,,,
F20_195,3,17,5,14,0.263,2,10,20,8,0.714,F20,73,,,,,,,
F20_197,7,15,4,14,0.222,6,12,8,14,0.364,F20,78,,,,,,,
F20_203,0,20,3,14,0.176,3,19,2,13,0.133,F20,85,,,,,,,
F20_205,2,15,2,20,0.091,1,12,6,20,0.231,F20,86,,,,,,,
F20_207,0,18,6,16,0.273,0,20,2,18,0.1,F20,90,,,,,,,
F20_209,0,20,4,16,0.2,2,18,9,11,0.45,F20,88,,,,,,,
F20_211,0,16,0,20,0,7,14,11,7,0.611,F20,84,,,,,,,
F20_213,0,19,0,22,0,0,16,0,24,0,F20,87,,,,,,,
F20_215,0,21,6,13,0.316,0,20,20,0,1,F20,101,,,,,,,
F20_219,0,16,6,19,0.24,0,19,9,13,0.409,F20,100,,,,,,,
F20_221,1,16,8,16,0.333,0,16,9,15,0.375,F20,94,,,,,,,
F20_223,1,18,9,11,0.45,3,17,6,13,0.316,F20,95,,,,,,,
F20_225,1,19,4,16,0.2,1,18,5,16,0.238,F20,96,,,,,,,
F20_227,3,11,11,15,0.423,0,5,21,14,0.6,F20,97,,,,,,,
F20_229,0,20,9,12,0.429,1,18,6,14,0.3,F20,103,,,,,,,
F20_235,5,16,7,12,0.368,0,19,8,14,0.364,F20,92,,,,,,,
F20_237,0,18,0,23,0,1,15,5,19,0.208,F20,93,,,,,,,
F20_239,5,8,10,16,0.385,1,18,1,20,0.048,F20,91,,,,,,,
F20_241,5,7,12,15,0.444,0,13,1,23,0.042,F20,98,,,,,,,
F20_243,3,16,8,12,0.4,9,10,7,14,0.333,F20,89,,,,,,,
F20_245,0,17,0,24,0,0,16,6,16,0.273,F20,102,,,,,,,
F20_251,0,20,0,20,0,0,22,0,18,0,F20,106,,,,,,,
F20_253,1,18,7,14,0.333,0,19,5,16,0.238,F20,115,,,,,,,
F20_255,1,20,7,11,0.389,0,18,4,18,0.182,F20,112,,,,,,,
F20_257,8,12,7,13,0.35,8,12,11,9,0.55,F20,118,,,,,,,
F20_259,0,21,4,15,0.211,8,13,11,8,0.579,F20,105,,,,,,,
F20_261,0,19,0,21,0,0,16,0,22,0,F20,104,,,,,,,
F20_263,1,20,8,11,0.421,0,16,20,4,0.833,F20,122,,,,,,,
F20_267,0,20,2,18,0.1,0,19,4,17,0.19,F20,110,,,,,,,
F20_269,0,21,0,20,0,0,16,10,13,0.435,F20,116,,,,,,,
F20_271,2,20,7,11,0.389,3,17,6,14,0.3,F20,165,,,,,,,
F20_275,0,16,12,12,0.5,9,11,11,8,0.579,F20,109,,,,,,,
F20_277,0,22,7,12,0.368,6,15,3,15,0.167,F20,108,,,,,,,
F20_279,1,17,1,21,0.045,2,16,18,4,0.818,F20,107,,,,,,,
F20_283,6,16,5,13,0.278,5,15,9,12,0.429,F20,111,,,,,,,
F20_285,5,17,6,13,0.316,5,15,4,16,0.2,F20,121,,,,,,,
F20_287,2,20,9,9,0.5,0,19,5,16,0.238,F20,113,,,,,,,
F20_289,3,14,1,21,0.045,8,14,8,10,0.444,F20,119,,,,,,,
F20_291,0,19,0,21,0,13,6,8,13,0.381,F20,114,,,,,,,
F20_293,3,19,8,11,0.421,3,16,7,13,0.35,F20,120,,,,,,,
F20_299,0,16,0,24,0,0,18,0,22,0,F20,131,,,,,,,
F20_301,0,17,1,22,0.043,0,17,1,22,0.043,F20,125,,,,,,,
F20_303,18,2,11,9,0.55,20,1,6,13,0.316,F20,126,,,,,,,
F20_305,3,19,5,13,0.278,2,19,8,11,0.421,F20,127,,,,,,,
F20_307,0,20,8,12,0.4,10,10,12,8,0.6,F20,130,,,,,,,
F20_309,0,17,9,14,0.391,0,16,8,16,0.333,F20,123,,,,,,,
F20_311,8,15,9,8,0.529,0,20,20,0,1,F20,128,,,,,,,
F20_315,0,16,0,24,0,0,19,0,21,0,F20,140,,,,,,,
F20_317,0,20,8,12,0.4,0,20,8,12,0.4,F20,142,,,,,,,
F20_319,1,18,6,15,0.286,0,17,4,19,0.174,F20,135,,,,,,,
F20_321,0,18,10,13,0.435,4,17,4,15,0.211,F20,145,,,,,,,
F20_323,3,15,8,14,0.364,7,10,14,9,0.609,F20,133,,,,,,,
F20_325,0,20,7,13,0.35,0,20,7,13,0.35,F20,139,,,,,,,
F20_327,2,17,10,11,0.476,2,16,22,0,1,F20,143,,,,,,,
F20_329,4,17,5,13,0.278,3,18,9,9,0.5,F20,146,,,,,,,
F20_331,5,15,7,13,0.35,0,19,0,22,0,F20,319,,,,,,,
F20_333,1,20,7,12,0.368,1,17,11,11,0.5,F20,132,,,,,,,
F20_337,0,20,7,13,0.35,1,19,10,10,0.5,F20,144,,,,,,,
F20_339,0,20,8,12,0.4,12,8,9,11,0.45,F20,136,,,,,,,
F20_341,0,22,0,19,0,0,21,0,20,0,F20,138,,,,,,,
F20_347,0,15,0,25,0,0,17,0,24,0,F20,148,,,,,,,
F20_349,0,17,0,21,0,0,14,0,26,0,F20,152,,,,,,,
F20_351,0,18,4,17,0.19,0,15,4,21,0.16,F20,149,,,,,,,
F20_353,4,18,4,13,0.235,1,20,11,8,0.579,F20,150,,,,,,,
F20_355,0,18,1,21,0.045,9,12,10,9,0.526,F20,151,,,,,,,
F20_357,0,17,0,24,0,0,16,0,24,0,F20,147,,,,,,,
F20_363,0,14,0,26,0,0,17,4,19,0.174,F20,159,,,,,,,
F20_365,0,22,6,13,0.316,0,20,4,15,0.211,F20,158,,,,,,,
F20_367,12,8,9,11,0.45,3,14,7,15,0.318,F20,163,,,,,,,
F20_369,13,7,8,12,0.4,11,14,4,11,0.267,F20,155,,,,,,,
F20_371,2,12,4,22,0.154,11,10,11,8,0.579,F20,154,,,,,,,
F20_373,0,19,0,21,0,0,18,0,22,0,F20,153,,,,,,,
F20_379,0,20,1,19,0.05,2,17,7,13,0.35,F20,164,,,,,,,
F20_381,0,19,7,14,0.333,0,12,8,20,0.286,F20,162,,,,,,,
F20_383,3,17,9,11,0.45,7,14,6,13,0.316,F20,160,,,,,,,
F20_385,4,17,5,14,0.263,0,19,12,9,0.571,F20,157,,,,,,,
F20_389,2,18,1,19,0.05,2,20,1,17,0.056,F20,156,,,,,,,
F20_395,3,17,8,12,0.4,1,18,7,11,0.389,F20,177,,,,,,,
F20_397,3,17,7,13,0.35,0,15,12,13,0.48,F20,169,,,,,,,
F20_399,1,20,0,19,0,0,23,5,12,0.294,F20,175,,,,,,,
F20_401,2,18,2,18,0.1,3,17,4,16,0.2,F20,181,,,,,,,
F20_403,0,18,0,22,0,8,13,11,8,0.579,F20,172,,,,,,,
F20_405,3,17,8,12,0.4,4,16,6,14,0.3,F20,178,,,,,,,
F20_407,1,19,1,19,0.05,2,16,19,3,0.864,F20,168,,,,,,,
F20_411,0,14,0,26,0,0,17,0,24,0,F20,189,,,,,,,
F20_413,0,19,4,18,0.182,0,17,0,23,0,F20,188,,,,,,,
F20_415,1,20,0,19,0,0,24,0,16,0,F20,190,,,,,,,
F20_417,0,19,0,21,0,1,20,0,19,0,F20,187,,,,,,,
F20_419,0,15,7,18,0.28,8,13,11,8,0.579,F20,185,,,,,,,
F20_421,0,17,8,16,0.333,0,15,10,14,0.417,F20,182,,,,,,,
F20_423,0,21,6,13,0.316,0,20,20,0,1,F20,180,,,,,,,
F20_425,0,20,2,16,0.111,1,19,0,19,0,F20,183,,,,,,,
F20_427,0,17,0,23,0,0,18,0,22,0,F20,173,,,,,,,
F20_429,0,9,9,11,0.45,3,17,6,14,0.3,F20,171,,,,,,,
F20_431,1,18,3,18,0.143,4,22,1,14,0.067,F20,166,,,,,,,
F20_432,0,21,6,13,0.316,0,20,20,0,1,F20,176,,,,,,,
F20_433,0,21,2,17,0.105,1,18,7,14,0.333,F20,167,,,,,,,
F20_435,0,20,7,13,0.35,9,12,11,8,0.579,F20,174,,,,,,,
F20_437,0,17,11,13,0.458,0,14,12,14,0.462,F20,179,,,,,,,
F20_439,1,20,0,21,0,0,15,19,5,0.792,F20,170,,,,,,,
F20_443,1,19,6,14,0.3,0,21,8,12,0.4,F20,196,,,,,,,
F20_445,4,17,8,11,0.421,6,14,8,12,0.4,F20,195,,,,,,,
F20_447,3,19,9,9,0.5,0,13,6,21,0.222,F20,194,,,,,,,
F20_449,0,21,0,18,0,1,20,4,15,0.211,F20,197,,,,,,,
F20_451,0,20,0,20,0,8,13,11,8,0.579,F20,193,,,,,,,
F20_453,1,18,2,20,0.091,0,16,6,18,0.25,F20,191,,,,,,,
F20_455,0,15,6,15,0.286,0,20,20,0,1,F20,192,,,,,,,
F20_459,0,19,0,21,0,0,19,0,21,0,F20,203,,,,,,,
F20_461,0,20,9,11,0.45,0,16,2,22,0.083,F20,198,,,,,,,
F20_463,0,16,5,18,0.217,2,19,5,13,0.278,F20,210,,,,,,,
F20_465,2,22,4,13,0.235,1,21,10,8,0.556,F20,199,,,,,,,
F20_467,3,14,8,15,0.348,7,13,12,8,0.6,F20,218,,,,,,,
F20_469,6,11,9,16,0.36,9,9,12,13,0.48,F20,205,,,,,,,
F20_475,8,15,4,13,0.235,4,19,6,13,0.316,F20,217,,,,,,,
F20_477,0,18,8,14,0.364,0,16,10,14,0.417,F20,208,,,,,,,
F20_479,4,20,6,11,0.353,6,14,7,13,0.35,F20,220,,,,,,,
F20_481,0,22,4,14,0.222,3,17,5,15,0.25,F20,221,,,,,,,
F20_483,8,16,3,13,0.188,10,11,11,8,0.579,F20,222,,,,,,,
F20_485,9,18,11,12,0.478,0,16,11,13,0.458,F20,219,,,,,,,
F20_491,8,4,10,18,0.357,7,11,9,13,0.409,F20,225,,,,,,,
F20_493,0,18,0,22,0,0,17,0,23,0,F20,228,,,,,,,
F20_495,3,21,5,11,0.313,2,19,4,15,0.211,F20,229,,,,,,,
F20_497,5,12,7,16,0.304,4,13,8,15,0.348,F20,226,,,,,,,
F20_499,4,15,8,13,0.381,10,11,10,8,0.556,F20,224,,,,,,,
F20_501,0,21,0,19,0,0,17,0,23,0,F20,230,,,,,,,
F20_503,10,10,10,10,0.5,7,13,19,1,0.95,F20,227,,,,,,,
F20_507,0,16,0,24,0,0,22,6,13,0.316,F20,253,,,,,,,
F20_509,0,18,9,13,0.409,1,17,10,12,0.455,F20,231,,,,,,,
F20_511,0,17,11,12,0.478,0,15,9,13,0.409,F20,235,,,,,,,
F20_513,0,17,4,19,0.174,0,18,7,15,0.318,F20,240,,,,,,,
F20_515,3,17,4,16,0.2,0,13,20,7,0.741,F20,246,,,,,,,
F20_517,0,22,8,10,0.444,0,20,8,12,0.4,F20,255,,,,,,,
F20_519,1,20,4,15,0.211,0,20,20,0,1,F20,323,,,,,,,
F20_521,0,19,6,15,0.286,7,12,8,13,0.381,F20,239,,,,,,,
F20_523,0,23,0,17,0,0,18,0,22,0,F20,254,,,,,,,
F20_525,0,20,0,20,0,0,20,0,20,0,F20,324,,,,,,,
F20_527,13,8,4,15,0.211,13,9,5,13,0.278,F20,243,,,,,,,
F20_529,0,20,0,21,0,0,20,0,20,0,F20,238,,,,,,,
F20_531,2,11,11,16,0.407,7,10,15,9,0.625,F20,245,,,,,,,
F20_533,0,22,6,13,0.316,4,17,7,14,0.333,F20,249,,,,,,,
F20_535,1,18,10,10,0.5,0,20,20,0,1,F20,250,,,,,,,
F20_539,0,7,6,27,0.182,0,8,9,23,0.281,F20,257,,,,,,,
F20_541,0,18,0,22,0,0,19,0,21,0,F20,275,,,,,,,
F20_543,1,21,9,9,0.5,3,22,2,13,0.133,F20,277,,,,,,,
F20_545,0,15,2,23,0.08,1,16,6,17,0.261,F20,267,,,,,,,
F20_547,4,16,9,12,0.429,9,11,11,7,0.611,F20,258,,,,,,,
F20_549,0,19,9,12,0.429,0,16,11,13,0.458,F20,278,,,,,,,
F20_555,4,16,5,15,0.25,0,17,10,13,0.435,F20,264,,,,,,,
F20_557,1,16,2,21,0.087,1,14,7,18,0.28,F20,271,,,,,,,
F20_559,1,18,1,19,0.05,0,20,5,15,0.25,F20,272,,,,,,,
F20_561,0,23,2,15,0.118,1,21,4,14,0.222,F20,274,,,,,,,
F20_563,0,21,4,15,0.211,8,13,11,8,0.579,F20,268,,,,,,,
F20_565,12,14,5,11,0.313,8,16,4,12,0.25,F20,273,,,,,,,
F20_571,2,18,5,15,0.25,0,21,5,14,0.263,F20,262,,,,,,,
F20_573,0,19,1,23,0.042,0,21,1,18,0.053,F20,261,,,,,,,
F20_575,2,18,8,12,0.4,0,16,9,15,0.375,F20,260,,,,,,,
F20_577,0,22,0,18,0,0,21,7,12,0.368,F20,270,,,,,,,
F20_579,0,17,9,14,0.391,7,13,12,8,0.6,F20,256,,,,,,,
F20_581,0,13,9,14,0.391,0,16,6,19,0.24,F20,266,,,,,,,
F20_587,4,16,7,13,0.35,0,21,2,17,0.105,F20,288,,,,,,,
F20_589,10,9,9,12,0.429,7,7,11,15,0.423,F20,291,,,,,,,
F20_593,0,18,3,19,0.136,1,17,8,13,0.381,F20,283,,,,,,,
F20_595,4,16,8,12,0.4,12,9,11,8,0.579,F20,281,,,,,,,
F20_597,0,16,7,18,0.28,0,14,9,17,0.346,F20,279,,,,,,,
F20_599,2,14,10,10,0.5,0,19,21,0,1,F20,286,,,,,,,
F20_603,3,10,3,24,0.111,2,15,7,16,0.304,F20,293,,,,,,,
F20_605,0,22,0,18,0,0,21,0,19,0,F20,284,,,,,,,
F20_607,0,9,9,22,0.29,0,19,3,18,0.143,F20,289,,,,,,,
F20_609,4,17,5,13,0.278,2,19,5,14,0.263,F20,285,,,,,,,
F20_611,4,16,7,13,0.35,6,14,5,15,0.25,F20,292,,,,,,,
F20_613,3,18,7,12,0.368,4,17,7,11,0.389,F20,280,,,,,,,
F20_615,4,17,9,10,0.474,0,20,20,0,1,F20,282,,,,,,,
F20_619,3,13,10,14,0.417,0,17,10,13,0.435,F20,326,,,,,,,
F20_621,0,20,0,20,0,0,20,0,20,0,F20,314,,,,,,,
F20_623,4,18,9,9,0.5,6,17,5,12,0.294,F20,306,,,,,,,
F20_625,0,20,4,16,0.2,2,18,6,14,0.3,F20,316,,,,,,,
F20_627,4,15,9,12,0.429,10,11,11,8,0.579,F20,307,,,,,,,
F20_629,2,18,8,12,0.4,0,20,3,17,0.15,F20,325,,,,,,,
F20_631,1,21,9,9,0.5,1,18,20,0,1,F20,318,,,,,,,
F20_635,10,10,6,14,0.3,9,11,7,13,0.35,F20,299,,,,,,,
F20_637,0,19,0,21,0,0,17,0,23,0,F20,302,,,,,,,
F20_639,14,8,7,11,0.389,7,16,5,12,0.294,F20,317,,,,,,,
F20_641,3,13,5,17,0.227,2,15,5,13,0.278,F20,296,,,,,,,
F20_643,0,17,4,15,0.211,6,12,11,10,0.524,F20,297,,,,,,,
F20_645,0,22,0,18,0,0,21,0,19,0,F20,298,,,,,,,
F20_647,2,19,5,14,0.263,0,9,20,11,0.645,F20,303,,,,,,,
F20_00000001,14,8,7,11,0.389,7,16,5,12,0.294,F20,,,,,,,,
F20_00000002,3,13,5,17,0.227,2,15,5,13,0.278,F20,,,,,,,,
F20_00000003,0,17,4,15,0.211,6,12,11,10,0.524,F20,,,,,,,,
F20_00000004,0,22,0,18,0,0,21,0,19,0,F20,,,,,,,,
S21_14,0,15,0,25,0,0,18,0,22,0,S21,,,,,,,,
S21_24,0,16,0,24,0,0,23,0,17,0,S21,,,,,,,,
S21_12,0,20,0,20,0,0,21,0,19,0,S21,,,,,,,,
S21_16,0,16,0,24,0,0,15,0,25,0,S21,,,,,,,,
S21_18,0,18,0,22,0,0,18,0,22,0,S21,,,,,,,,
S21_22,0,18,0,22,0,0,19,0,21,0,S21,,,,,,,,
S21_20,0,21,0,19,0,0,21,0,19,0,S21,,,,,,,,
S21_32,0,18,0,22,0,0,23,0,17,0,S21,,,,,,,,
S21_46,0,20,0,20,0,1,21,0,18,0,S21,,,,,,,,
S21_38,0,19,0,21,0,0,24,0,16,0,S21,,,,,,,,
S21_40,0,21,0,19,0,0,21,0,19,0,S21,,,,,,,,
S21_42,0,20,0,20,0,0,19,0,21,0,S21,,,,,,,,
S21_48,0,25,0,15,0,0,21,0,19,0,S21,,,,,,,,
S21_44,0,19,0,21,0,0,22,0,18,0,S21,,,,,,,,
S21_28,0,20,0,20,0,0,18,0,22,0,S21,,,,,,,,
S21_26,0,20,0,20,0,0,20,0,20,0,S21,,,,,,,,
S21_30,1,18,0,21,0,0,17,0,23,0,S21,,,,,,,,
S21_36,0,20,0,20,0,0,20,0,20,0,S21,,,,,,,,
S21_34,0,20,0,20,0,0,20,0,20,0,S21,,,,,,,,
S21_68,11,8,10,4,0.714,11,9,11,10,0.524,S21,,,,,,,,
S21_60,0,22,0,18,0,0,19,0,21,0,S21,,,,,,,,
S21_58,0,20,0,20,0,0,20,0,20,0,S21,,,,,,,,
S21_54,0,21,0,19,0,0,20,0,20,0,S21,,,,,,,,
S21_62,0,25,0,15,0,0,17,0,23,0,S21,,,,,,,,
S21_66,0,18,0,22,0,0,19,0,21,0,S21,,,,,,,,
S21_56,1,22,0,17,0,0,21,0,19,0,S21,,,,,,,,
S21_76,0,20,0,20,0,0,20,0,20,0,S21,,,,,,,,
S21_80,0,19,0,21,0,0,20,0,20,0,S21,,,,,,,,
S21_74,0,20,0,20,0,0,20,0,20,0,S21,,,,,,,,
S21_78,0,20,0,20,0,0,20,0,20,0,S21,,,,,,,,
S21_64,0,20,0,20,0,0,20,0,20,0,S21,,,,,,,,
S21_88,0,16,0,24,0,0,19,0,21,0,S21,,,,,,,,
S21_72,0,20,0,20,0,0,20,0,20,0,S21,,,,,,,,
S21_94,0,21,0,19,0,0,21,0,19,0,S21,,,,,,,,
S21_82,0,20,0,20,0,0,20,0,20,0,S21,,,,,,,,
S21_84,0,15,0,25,0,0,15,0,25,0,S21,,,,,,,,
S21_90,0,20,0,20,0,0,20,0,20,0,S21,,,,,,,,
S21_92,0,20,0,20,0,0,18,0,22,0,S21,,,,,,,,
S21_102,0,17,0,23,0,0,18,0,22,0,S21,,,,,,,,
S21_100,0,20,0,20,0,0,21,0,19,0,S21,,,,,,,,
S21_98,0,17,0,23,0,0,17,0,23,0,S21,,,,,,,,
S21_96,0,19,0,21,0,0,17,0,23,0,S21,,,,,,,,
S21_108,0,20,0,20,0,0,20,0,20,0,S21,,,,,,,,
S21_104,0,20,0,20,0,0,20,0,20,0,S21,,,,,,,,
S21_106,0,20,0,20,0,0,20,0,20,0,S21,,,,,,,,
S21_122,0,17,0,23,0,0,22,0,18,0,S21,,,,,,,,
S21_118,0,17,0,23,0,0,21,0,19,0,S21,,,,,,,,
S21_112,0,19,0,21,0,0,19,0,21,0,S21,,,,,,,,
S21_114,0,21,0,19,0,0,21,0,19,0,S21,,,,,,,,
S21_120,0,23,0,17,0,0,22,0,18,0,S21,,,,,,,,
S21_132,0,16,0,24,0,0,19,0,21,0,S21,,,,,,,,
S21_124,0,18,0,22,0,0,21,0,19,0,S21,,,,,,,,
S21_126,0,19,0,21,0,0,19,0,21,0,S21,,,,,,,,
S21_128,0,20,0,20,0,0,20,0,20,0,S21,,,,,,,,
S21_110,0,16,0,24,0,0,17,0,23,0,S21,,,,,,,,
S21_130,0,16,0,24,0,0,19,0,21,0,S21,,,,,,,,
S21_134,0,18,0,22,0,0,17,0,23,0,S21,,,,,,,,
S21_146,0,20,0,20,0,0,22,0,18,0,S21,,,,,,,,
S21_140,0,19,0,21,0,0,19,0,21,0,S21,,,,,,,,
S21_142,0,21,0,19,0,0,21,0,19,0,S21,,,,,,,,
S21_144,0,21,0,19,0,0,22,0,18,0,S21,,,,,,,,
S21_138,0,13,0,27,0,0,21,0,19,0,S21,,,,,,,,
S21_174,0,20,0,20,0,0,20,0,20,0,S21,,,,,,,,
S21_156,0,20,0,20,0,0,20,0,20,0,S21,,,,,,,,
S21_166,0,15,0,25,0,0,23,0,17,0,S21,,,,,,,,
S21_160,0,20,0,20,0,0,20,0,20,0,S21,,,,,,,,
S21_162,0,20,0,20,0,0,20,0,20,0,S21,,,,,,,,
S21_152,0,20,0,20,0,0,20,0,20,0,S21,,,,,,,,
S21_164,0,20,0,20,0,20,0,20,0,1,S21,,,,,,,,
S21_172,0,20,0,20,0,0,20,0,20,0,S21,,,,,,,,
S21_154,0,18,0,22,0,0,17,0,23,0,S21,,,,,,,,
S21_158,0,20,0,20,0,0,20,0,20,0,S21,,,,,,,,
S21_192,0,17,0,23,0,0,21,0,19,0,S21,,,,,,,,
S21_186,0,20,0,20,0,0,19,0,21,0,S21,,,,,,,,
S21_182,0,16,0,24,0,0,19,0,21,0,S21,,,,,,,,
S21_190,0,20,0,20,0,0,20,0,20,0,S21,,,,,,,,
S21_184,0,18,0,22,0,0,25,0,15,0,S21,,,,,,,,
S21_180,0,21,0,19,0,0,20,0,20,0,S21,,,,,,,,
S21_208,0,17,0,23,0,0,16,0,24,0,S21,,,,,,,,
S21_204,0,18,0,22,0,0,21,0,19,0,S21,,,,,,,,
S21_194,0,19,0,21,0,0,22,0,18,0,S21,,,,,,,,
S21_212,1,11,3,25,0.107,0,15,0,26,0,S21,,,,,,,,
S21_198,0,11,0,29,0,0,24,0,16,0,S21,,,,,,,,
S21_170,0,20,0,20,0,0,20,0,20,0,S21,,,,,,,,
S21_214,0,21,0,19,0,0,15,0,25,0,S21,,,,,,,,
S21_196,0,11,0,29,0,0,8,0,32,0,S21,,,,,,,,
S21_218,0,12,0,28,0,0,20,0,20,0,S21,,,,,,,,
S21_202,22,0,18,0,1,21,0,19,0,1,S21,,,,,,,,
S21_216,0,20,0,20,0,0,22,0,18,0,S21,,,,,,,,
S21_200,0,22,0,18,0,0,16,0,24,0,S21,,,,,,,,
S21_224,0,16,0,24,0,0,18,0,22,0,S21,,,,,,,,
S21_70,10,10,10,10,0.5,0,10,0,10,0,S21,,,,,,,,
S21_222,0,20,0,20,0,0,15,0,25,0,S21,,,,,,,,
S21_232,0,15,0,25,0,0,14,0,26,0,S21,,,,,,,,
S21_226,0,20,0,20,0,0,20,0,20,0,S21,,,,,,,,
S21_228,0,20,0,20,0,0,20,0,20,0,S21,,,,,,,,
S21_250,0,15,0,25,0,0,20,0,20,0,S21,,,,,,,,
S21_260,0,20,0,20,0,0,17,0,23,0,S21,,,,,,,,
S21_258,0,20,0,20,0,0,21,0,19,0,S21,,,,,,,,
S21_242,0,20,0,20,0,0,20,0,20,0,S21,,,,,,,,
S21_252,0,19,0,21,0,0,20,0,20,0,S21,,,,,,,,
S21_236,0,20,0,20,0,0,20,0,20,0,S21,,,,,,,,
S21_244,0,20,0,20,0,0,20,0,20,0,S21,,,,,,,,
S21_246,0,20,0,20,0,0,20,0,20,0,S21,,,,,,,,
S21_238,0,20,0,20,0,0,20,0,20,0,S21,,,,,,,,
S21_254,0,20,0,20,0,0,21,0,19,0,S21,,,,,,,,
S21_256,0,20,0,20,0,0,20,0,20,0,S21,,,,,,,,
S21_248,0,20,0,20,0,0,20,0,20,0,S21,,,,,,,,
S21_240,0,20,0,20,0,0,20,0,20,0,S21,,,,,,,,
S21_262,0,23,0,17,0,0,20,0,20,0,S21,,,,,,,,
S21_266,0,25,0,15,0,0,24,0,16,0,S21,,,,,,,,
S21_270,0,20,0,20,0,0,20,0,20,0,S21,,,,,,,,
S21_264,0,19,0,21,0,0,20,0,20,0,S21,,,,,,,,
S21_272,0,22,0,18,0,0,18,0,22,0,S21,,,,,,,,
S21_274,0,18,0,22,0,0,17,0,23,0,S21,,,,,,,,
S21_280,0,20,0,20,0,0,20,0,20,0,S21,,,,,,,,
S21_278,0,20,0,20,0,0,20,0,20,0,S21,,,,,,,,
S21_288,0,21,0,19,0,0,20,0,20,0,S21,,,,,,,,
S21_286,0,20,0,20,0,0,20,0,20,0,S21,,,,,,,,
S21_282,0,19,0,21,0,0,20,0,20,0,S21,,,,,,,,
S21_284,0,20,0,20,0,0,20,0,20,0,S21,,,,,,,,
S21_302,0,21,0,19,0,0,22,0,18,0,S21,,,,,,,,
S21_292,0,20,0,20,0,0,20,0,20,0,S21,,,,,,,,
S21_298,0,18,0,22,0,0,19,0,21,0,S21,,,,,,,,
S21_300,0,21,0,19,0,0,18,0,22,0,S21,,,,,,,,
S21_296,0,21,0,19,0,0,20,0,20,0,S21,,,,,,,,
S21_294,0,20,0,20,0,1,19,0,20,0,S21,,,,,,,,
S21_314,0,20,0,20,0,0,22,0,18,0,S21,,,,,,,,
S21_310,0,17,0,23,0,0,20,0,20,0,S21,,,,,,,,
S21_308,0,20,0,20,0,0,20,0,20,0,S21,,,,,,,,
S21_306,0,20,0,20,0,0,20,0,20,0,S21,,,,,,,,
S21_316,0,20,0,20,0,0,20,0,20,0,S21,,,,,,,,
S21_312,0,20,0,20,0,0,22,0,18,0,S21,,,,,,,,
S21_338,0,24,0,16,0,0,13,0,27,0,S21,,,,,,,,
S21_336,0,17,0,23,0,0,19,0,21,0,S21,,,,,,,,
S21_344,0,22,0,18,0,0,17,0,23,0,S21,,,,,,,,
S21_324,25,0,15,0,1,23,0,17,0,1,S21,,,,,,,,
S21_330,0,20,0,20,0,0,20,0,20,0,S21,,,,,,,,
S21_346,0,16,0,24,0,0,16,0,24,0,S21,,,,,,,,
S21_326,0,15,0,25,0,0,21,0,19,0,S21,,,,,,,,
S21_322,0,19,0,21,0,0,19,0,21,0,S21,,,,,,,,
S21_340,0,14,0,26,0,0,20,0,20,0,S21,,,,,,,,
S21_328,0,21,0,19,0,0,25,0,15,0,S21,,,,,,,,
S21_320,0,18,0,22,0,0,20,0,20,0,S21,,,,,,,,
S21_230,0,21,0,19,0,0,22,0,18,0,S21,,,,,,,,
S21_358,0,21,0,19,0,0,18,0,22,0,S21,,,,,,,,
S21_352,0,19,0,21,0,0,19,0,21,0,S21,,,,,,,,
S21_386,0,20,0,20,0,0,20,0,20,0,S21,,,,,,,,
S21_348,0,16,0,24,0,0,20,0,20,0,S21,,,,,,,,
S21_360,20,0,20,0,1,20,0,20,0,1,S21,,,,,,,,
S21_350,0,21,0,19,0,0,18,0,22,0,S21,,,,,,,,
S21_364,0,20,0,20,0,0,20,0,20,0,S21,,,,,,,,
S21_384,0,18,0,22,0,0,19,0,21,0,S21,,,,,,,,
S21_368,0,19,0,21,0,0,19,0,21,0,S21,,,,,,,,
S21_374,0,19,0,21,0,0,19,0,21,0,S21,,,,,,,,
S21_372,0,20,0,20,0,0,20,0,20,0,S21,,,,,,,,
S21_362,0,19,0,21,0,0,15,0,25,0,S21,,,,,,,,
S21_382,0,20,0,20,0,0,20,0,20,0,S21,,,,,,,,
S21_366,0,18,0,22,0,0,21,0,19,0,S21,,,,,,,,
S21_378,0,20,0,20,0,0,20,0,20,0,S21,,,,,,,,
S21_370,0,22,0,18,0,0,23,0,17,0,S21,,,,,,,,
S21_380,0,20,0,20,0,0,20,0,20,0,S21,,,,,,,,
S21_376,0,20,0,20,0,0,20,0,20,0,S21,,,,,,,,
S21_356,0,21,0,19,0,0,20,0,20,0,S21,,,,,,,,
S21_268,0,19,0,21,0,0,19,0,21,0,S21,,,,,,,,
S21_354,0,20,0,20,0,0,20,0,20,0,S21,,,,,,,,
S21_388,1,22,0,17,0,0,23,0,17,0,S21,,,,,,,,
S21_420,0,19,0,21,0,0,18,0,22,0,S21,,,,,,,,
S21_404,0,20,0,20,0,0,20,0,20,0,S21,,,,,,,,
S21_418,0,20,0,20,0,0,20,0,20,0,S21,,,,,,,,
S21_406,0,20,0,20,0,0,20,0,20,0,S21,,,,,,,,
S21_422,0,20,0,20,0,0,20,0,20,0,S21,,,,,,,,
S21_412,0,20,0,20,0,0,20,0,20,0,S21,,,,,,,,
S21_416,0,20,0,20,0,0,18,0,21,0,S21,,,,,,,,
S21_430,0,21,0,19,0,0,20,0,20,0,S21,,,,,,,,
S21_392,4,11,6,19,0.24,0,16,0,24,0,S21,,,,,,,,
S21_414,0,20,0,20,0,0,20,0,20,0,S21,,,,,,,,
S21_424,0,20,0,20,0,0,20,0,20,0,S21,,,,,,,,
S21_426,0,20,0,20,0,0,20,0,20,0,S21,,,,,,,,
S21_410,0,20,0,20,0,0,20,0,20,0,S21,,,,,,,,
S21_396,0,22,0,10,0,0,21,0,19,0,S21,,,,,,,,
S21_428,0,20,0,20,0,0,20,0,20,0,S21,,,,,,,,
S21_408,0,20,0,20,0,0,25,0,15,0,S21,,,,,,,,
S21_398,0,20,0,20,0,0,20,0,20,0,S21,,,,,,,,
S21_394,0,20,0,20,0,0,20,0,20,0,S21,,,,,,,,
S21_390,0,24,0,16,0,0,22,0,18,0,S21,,,,,,,,
S21_400,20,1,20,1,0.952,20,0,20,0,1,S21,,,,,,,,
S21_434,0,18,0,22,0,0,18,0,22,0,S21,,,,,,,,
S21_436,0,20,0,20,0,0,20,0,20,0,S21,,,,,,,,
S21_432,0,16,0,24,0,0,22,0,18,0,S21,,,,,,,,
S21_438,0,20,0,20,0,0,18,0,22,0,S21,,,,,,,,
S21_442,0,20,0,20,0,0,20,0,20,0,S21,,,,,,,,
S21_444,0,29,0,11,0,0,28,0,12,0,S21,,,,,,,,
S21_466,0,14,0,26,0,0,21,0,19,0,S21,,,,,,,,
S21_464,0,18,0,22,0,0,19,0,21,0,S21,,,,,,,,
S21_460,0,16,3,21,0.125,0,19,0,21,0,S21,,,,,,,,
S21_468,0,20,0,20,0,0,20,0,20,0,S21,,,,,,,,
S21_470,0,15,0,25,0,0,20,0,20,0,S21,,,,,,,,
S21_462,0,18,0,22,0,0,22,0,18,0,S21,,,,,,,,
S21_86,0,14,0,26,0,0,24,0,16,0,S21,,,,,,,,
S21_440,0,20,0,20,0,0,20,0,20,0,S21,,,,,,,,
S21_452,0,20,0,20,0,0,20,0,20,0,S21,,,,,,,,
S21_450,0,20,0,20,0,0,20,0,20,0,S21,,,,,,,,
S21_448,0,20,0,20,0,0,20,0,20,0,S21,,,,,,,,
S21_454,0,20,0,20,0,0,20,0,20,0,S21,,,,,,,,
S21_446,0,21,0,19,0,0,24,0,16,0,S21,,,,,,,,
S21_456,0,11,0,29,0,0,19,0,21,0,S21,,,,,,,,
S21_474,0,20,0,20,0,0,20,0,20,0,S21,,,,,,,,
S21_484,0,14,0,26,0,0,20,0,20,0,S21,,,,,,,,
S21_478,0,17,0,23,0,0,16,0,24,0,S21,,,,,,,,
S21_486,0,19,0,21,0,0,21,0,19,0,S21,,,,,,,,
S21_482,0,20,0,20,0,0,21,0,19,0,S21,,,,,,,,
S21_476,1,12,0,27,0,0,17,0,23,0,S21,,,,,,,,
S21_480,0,23,0,17,0,0,13,0,17,0,S21,,,,,,,,
S21_510,0,18,0,22,0,0,21,0,19,0,S21,,,,,,,,
S21_506,0,17,0,23,0,0,18,0,22,0,S21,,,,,,,,
S21_502,0,22,0,18,0,0,28,0,12,0,S21,,,,,,,,
S21_514,0,17,0,23,0,0,21,0,19,0,S21,,,,,,,,
S21_508,0,17,0,23,0,1,17,0,22,0,S21,,,,,,,,
S21_504,0,15,0,25,0,0,19,0,21,0,S21,,,,,,,,
S21_498,0,20,0,20,0,0,20,0,20,0,S21,,,,,,,,
S21_512,0,25,0,15,0,0,20,0,20,0,S21,,,,,,,,
S21_490,0,20,0,20,0,0,20,0,20,0,S21,,,,,,,,
S21_494,0,20,0,20,0,0,20,0,20,0,S21,,,,,,,,
S21_492,0,20,0,20,0,0,20,0,20,0,S21,,,,,,,,
S21_496,0,20,0,20,0,0,20,0,20,0,S21,,,,,,,,
S21_488,0,20,0,20,0,0,20,0,20,0,S21,,,,,,,,
S21_522,0,20,0,20,0,0,20,0,20,0,S21,,,,,,,,
S21_516,0,19,0,21,0,0,19,0,21,0,S21,,,,,,,,
S21_540,0,20,0,20,0,0,20,0,20,0,S21,,,,,,,,
S21_528,0,20,0,20,0,0,20,0,20,0,S21,,,,,,,,
S21_518,0,20,0,20,0,0,20,0,20,0,S21,,,,,,,,
S21_542,0,20,0,20,0,0,20,0,20,0,S21,,,,,,,,
S21_538,0,20,0,20,0,0,20,0,20,0,S21,,,,,,,,
S21_524,0,20,0,20,0,0,20,0,20,0,S21,,,,,,,,
S21_520,0,20,0,20,0,0,20,0,20,0,S21,,,,,,,,
S21_530,0,20,0,20,0,0,20,0,20,0,S21,,,,,,,,
S21_536,0,20,0,20,0,0,20,0,20,0,S21,,,,,,,,
S21_526,0,20,0,20,0,0,20,0,20,0,S21,,,,,,,,
S21_532,0,20,0,20,0,0,20,0,20,0,S21,,,,,,,,
S21_534,0,20,0,20,0,0,20,0,20,0,S21,,,,,,,,
S21_550,0,20,0,20,0,0,20,0,20,0,S21,,,,,,,,
S21_566,0,19,0,21,0,0,20,0,20,0,S21,,,,,,,,
S21_570,0,21,0,19,0,0,20,0,20,0,S21,,,,,,,,
S21_564,0,20,0,20,0,0,20,0,20,0,S21,,,,,,,,
S21_548,0,20,0,20,0,0,16,0,24,0,S21,,,,,,,,
S21_568,0,19,0,21,0,0,21,0,19,0,S21,,,,,,,,
S21_544,0,20,0,20,0,0,20,0,20,0,S21,,,,,,,,
S21_558,0,20,0,20,0,0,20,0,20,0,S21,,,,,,,,
S21_556,0,22,0,18,0,0,22,0,18,0,S21,,,,,,,,
S21_562,0,20,0,20,0,0,20,0,20,0,S21,,,,,,,,
S21_552,0,20,0,20,0,0,20,0,20,0,S21,,,,,,,,
S21_546,0,20,0,20,0,0,20,0,20,0,S21,,,,,,,,
S21_116,0,17,0,23,0,0,21,0,19,0,S21,,,,,,,,
S21_210,0,20,0,20,0,0,20,0,20,0,S21,,,,,,,,
S21_342,0,19,0,21,0,0,18,0,22,0,S21,,,,,,,,
S21_168,0,20,0,20,0,0,20,0,20,0,S21,,,,,,,,
S21_360,0,20,0,20,0,0,20,0,20,0,S21,,,,,,,,
F21_17,2,18,4,16,0.2,2,18,15,5,0.75,F21,,,,,,,,
F21_11,0,20,8,4,0.667,2,19,7,3,0.7,F21,,,,,,,,
F21_13,0,0,0,0,0,1,4,3,3,0.5,F21,,,,,,,,
F21_12,0,0,0,0,0,0,20,0,20,0,F21,,,,,,,,
F21_18,0,20,1,19,0.05,0,20,0,20,0,F21,,,,,,,,
F21_10,2,18,6,14,0.3,4,16,0,20,0,F21,,,,,,,,
F21_14,0,0,0,0,0,1,19,2,18,0.1,F21,,,,,,,,
F21_16,1,19,2,18,0.1,2,18,2,18,0.1,F21,,,,,,,,
F21_15,1,19,3,17,0.15,4,16,12,8,0.6,F21,,,,,,,,
F21_23,2,18,8,12,0.4,9,11,12,8,0.6,F21,,,,,,,,
F21_22,0,0,0,0,0,0,0,0,0,0,F21,,,,,,,,
F21_26,1,7,4,2,0.667,0,0,0,0,0,F21,,,,,,,,
F21_24,8,12,7,13,0.35,5,15,12,8,0.6,F21,,,,,,,,
F21_27,5,15,10,10,0.5,1,19,6,14,0.3,F21,,,,,,,,
F21_21,3,17,11,9,0.55,3,17,5,15,0.25,F21,,,,,,,,
F21_25,0,20,5,15,0.25,12,5,3,2,0.6,F21,,,,,,,,
F21_CHAT-J,0,0,0,0,0,0,0,0,0,0,F21,,,,,,,,
F21_20,0,0,0,0,0,0,0,0,0,0,F21,,,,,,,,
F21_37,3,17,7,13,0.35,0,0,0,0,0,F21,,,,,,,,
F21_33,3,17,6,14,0.3,2,18,3,17,0.15,F21,,,,,,,,
F21_31,1,19,5,9,0.357,6,14,12,8,0.6,F21,,,,,,,,
F21_35,3,17,6,14,0.3,1,19,8,12,0.4,F21,,,,,,,,
F21_39,5,9,10,4,0.714,0,20,4,16,0.2,F21,,,,,,,,
F21_36,10,10,15,5,0.75,9,9,18,2,0.9,F21,,,,,,,,
F21_34,20,0,20,0,1,3,0,7,0,1,F21,,,,,,,,
F21_32,0,20,7,13,0.35,4,16,13,7,0.65,F21,,,,,,,,
F21_30,8,12,15,5,0.75,0,0,0,0,0,F21,,,,,,,,
F21_43,0,20,0,20,0,0,0,0,0,0,F21,,,,,,,,
F21_47,4,16,9,11,0.45,5,15,13,7,0.65,F21,,,,,,,,
F21_42,0,1,2,1,0.667,8,8,8,11,0.421,F21,,,,,,,,
F21_44,8,12,15,5,0.75,0,9,10,1,0.909,F21,,,,,,,,
F21_45,0,20,11,9,0.55,2,18,3,17,0.15,F21,,,,,,,,
F21_41,3,17,10,10,0.5,3,17,9,11,0.45,F21,,,,,,,,
F21_40,3,16,5,9,0.357,1,6,2,4,0.333,F21,,,,,,,,
F21_50,0,0,0,0,0,0,0,0,0,0,F21,,,,,,,,
F21_56,0,0,0,0,0,0,0,0,0,0,F21,,,,,,,,
F21_59,0,20,0,20,0,0,0,0,0,0,F21,,,,,,,,
F21_54,0,0,0,0,0,5,15,8,12,0.4,F21,,,,,,,,
F21_53,7,16,12,9,0.571,0,20,0,20,0,F21,,,,,,,,
F21_55,0,0,0,0,0,10,0,10,0,1,F21,,,,,,,,
F21_52,0,0,0,0,0,1,19,6,14,0.3,F21,,,,,,,,
F21_57,5,15,9,7,0.563,0,20,2,11,0.154,F21,,,,,,,,
F21_51,12,8,13,7,0.65,11,9,14,6,0.7,F21,,,,,,,,
F21_63,20,0,20,0,1,20,0,20,0,1,F21,,,,,,,,
F21_62,0,0,0,0,0,4,16,11,9,0.55,F21,,,,,,,,
F21_61,20,0,20,0,1,0,20,0,20,0,F21,,,,,,,,
F21_65,5,15,6,14,0.3,1,19,8,12,0.4,F21,,,,,,,,
F21_46,7,13,12,8,0.6,0,20,10,10,0.5,F21,,,,,,,,
F21_60,4,12,11,9,0.55,3,17,8,12,0.4,F21,,,,,,,,
F21_49,3,17,10,10,0.5,3,17,9,11,0.45,F21,,,,,,,,
F21_45,0,20,11,9,0.55,2,18,3,17,0.15,F21,,,,,,,,
S22_11,6,14,10,10,0.5,13,7,17,3,0.85,S22,,,,,,,,
S22_10,14,6,9,11,0.45,12,8,12,1,0.923076923,S22,,,,,,,,
S22_14,4,16,14,6,0.7,9,11,13,7,0.65,S22,,,,,,,,
S22_13,3,17,7,13,0.35,1,19,6,14,0.3,S22,,,,,,,,
S22_12,3,17,12,8,0.6,5,15,13,7,0.65,S22,,,,,,,,
S22_2,11,9,15,5,0.75,3,18,20,12,0.625,S22,,,,,,,,
S22_20,11,9,15,5,0.75,3,18,20,12,0.625,S22,,,,,,,,
S22_33,13,7,16,4,0.8,3,17,5,15,0.25,S22,,,,,,,,
S22_32,11,9,20,0,1,6,14,8,12,0.4,S22,,,,,,,,
S22_34,5,15,4,16,0.2,11,9,16,4,0.8,S22,,,,,,,,
S22_30,6,14,19,1,0.95,8,12,5,15,0.25,S22,,,,,,,,
S22_31,2,18,9,11,0.45,5,15,6,14,0.3,S22,,,,,,,,
S22_43,0,20,11,9,0.55,10,10,15,5,0.75,S22,,,,,,,,
S22_42,3,17,11,9,0.55,6,13,13,6,0.684210526,S22,,,,,,,,
S22_41,8,12,11,9,0.55,3,17,5,15,0.25,S22,,,,,,,,
S22_44,4,16,18,2,0.9,8,12,17,3,0.85,S22,,,,,,,,
S22_45,2,18,7,13,0.35,0,20,13,7,0.65,S22,,,,,,,,
S22_40,3,17,4,16,0.2,4,16,10,10,0.5,S22,,,,,,,,
S22_52,8,12,14,6,0.7,5,15,11,9,0.55,S22,,,,,,,,
S22_51,7,13,10,10,0.5,9,11,15,5,0.75,S22,,,,,,,,
S22_54,15,5,10,10,0.5,4,16,14,6,0.7,S22,,,,,,,,
S22_53,8,12,5,15,0.25,7,13,6,14,0.3,S22,,,,,,,,
S22_55,15,13,7,5,0.583333333,12,8,16,4,0.8,S22,,,,,,,,
S22_50,17,3,12,8,0.6,9,11,16,4,0.8,S22,,,,,,,,
S22_61,10,10,4,16,0.2,10,10,9,11,0.45,S22,,,,,,,,
S22_64,5,15,17,3,0.85,9,11,8,12,0.4,S22,,,,,,,,
S22_60,7,13,8,12,0.4,8,12,11,9,0.55,S22,,,,,,,,
S22_62,9,11,16,4,0.8,4,16,6,14,0.3,S22,,,,,,,,
S22_80,7,13,6,14,0.3,9,11,12,8,0.6,S22,,,,,,,,
S22_82,12,8,15,5,0.75,2,18,8,12,0.4,S22,,,,,,,,
S22_83,7,13,14,6,0.7,11,9,11,9,0.55,S22,,,,,,,,
S22_81,11,9,12,8,0.6,6,14,14,6,0.7,S22,,,,,,,,
S22_85,8,12,12,8,0.6,11,9,17,3,0.85,S22,,,,,,,,
S22_70,6,14,11,9,0.55,7,13,10,10,0.5,S22,,,,,,,,
S22_74,4,16,8,12,0.4,3,17,3,17,0.15,S22,,,,,,,,
S22_71,4,16,9,11,0.45,9,11,17,3,0.85,S22,,,,,,,,
S22_73,5,15,7,13,0.35,11,9,10,10,0.5,S22,,,,,,,,
S22_72,0,20,13,7,0.65,7,13,9,11,0.45,S22,,,,,,,,
S22_102,19,17,20,8,0.714285714,45,17,38,8,0.826086957,S22,,,,,,,,
S22_101,9,24,30,18,0.625,37,6,43,3,0.934782609,S22,,,,,,,,
S22_104,40,16,46,18,0.71875,15,53,30,28,0.517241379,S22,,,,,,,,
S22_103,19,21,11,10,0.523809524,15,59,27,47,0.364864865,S22,,,,,,,,
S22_105,21,39,37,15,0.711538462,25,31,35,9,0.795454545,S22,,,,,,,,
S22_92,11,9,12,8,0.6,4,16,5,15,0.25,S22,,,,,,,,
S22_94,7,13,11,9,0.55,2,18,7,13,0.35,S22,,,,,,,,
S22_90,12,15,13,4,0.764705882,13,22,13,32,0.288888889,S22,,,,,,,,
S22_93,2,18,6,14,0.3,10,10,13,7,0.65,S22,,,,,,,,
S22_200,10,10,18,2,0.9,10,10,16,4,0.8,S22,,,,,,,,
S22_202,4,16,18,2,0.9,4,16,8,12,0.4,S22,,,,,,,,
S22_205,4,16,3,17,0.15,12,8,14,6,0.7,S22,,,,,,,,
S22_201,2,18,8,12,0.4,7,13,13,7,0.65,S22,,,,,,,,
S22_203,4,16,13,7,0.65,10,10,13,7,0.65,S22,,,,,,,,
S22_302,6,14,7,13,0.35,13,7,13,7,0.65,S22,,,,,,,,
S22_300,9,11,10,10,0.5,3,17,17,15,0.53125,S22,,,,,,,,
S22_303,5,15,4,16,0.2,3,17,10,10,0.5,S22,,,,,,,,
S22_301,4,16,13,4,0.764705882,2,18,8,12,0.4,S22,,,,,,,,
S22_304,4,16,9,11,0.45,5,15,10,10,0.5,S22,,,,,,,,
S22_305,0,20,5,15,0.25,6,14,13,7,0.65,S22,,,,,,,,
S22_402,8,11,19,1,0.95,3,17,13,7,0.65,S22,,,,,,,,
S22_401,6,14,17,3,0.85,3,17,11,9,0.55,S22,,,,,,,,
S22_404,0,20,0,20,0,0,20,0,20,0,S22,,,,,,,,
S22_405,3,17,9,11,0.45,9,11,13,7,0.65,S22,,,,,,,,
S22_400,6,10,10,9,0.526315789,3,22,15,10,0.6,S22,,,,,,,,
S22_504,6,5,6,1,0.857142857,12,8,16,4,0.8,S22,,,,,,,,
S22_503,1,10,6,8,0.428571429,5,15,6,14,0.3,S22,,,,,,,,
S22_501,4,16,10,10,0.5,4,16,15,5,0.75,S22,,,,,,,,
S22_500,5,15,8,12,0.4,13,7,16,4,0.8,S22,,,,,,,,
S22_5,0,8,2,11,0.153846154,6,14,5,15,0.25,S22,,,,,,,,
S22_502,2,18,7,8,0.466666667,2,18,8,12,0.4,S22,,,,,,,,
S22_601,10,10,12,8,0.6,4,16,9,11,0.45,S22,,,,,,,,
S22_600,2,5,5,7,0.416666667,4,16,8,12,0.4,S22,,,,,,,,
S22_605,2,20,5,7,0.416666667,3,17,7,13,0.35,S22,,,,,,,,
S22_604,4,16,5,15,0.25,9,11,15,5,0.75,S22,,,,,,,,
S22_703,3,17,5,15,0.25,8,12,14,6,0.7,S22,,,,,,,,
S22_705,12,8,14,6,0.7,0,20,10,10,0.5,S22,,,,,,,,
S22_700,14,6,14,6,0.7,9,11,17,3,0.85,S22,,,,,,,,
S22_702,3,17,15,5,0.75,2,18,9,11,0.45,S22,,,,,,,,
S22_704,17,3,10,10,0.5,11,9,13,7,0.65,S22,,,,,,,,
S22_701,9,11,5,15,0.25,4,16,19,1,0.95,S22,,,,,,,,
S22_803,5,0,6,0,1,15,5,16,4,0.8,S22,,,,,,,,
S22_804,2,18,11,9,0.55,8,2,9,1,0.9,S22,,,,,,,,
S22_805,13,7,15,5,0.75,5,15,7,13,0.35,S22,,,,,,,,
S22_800,9,11,8,12,0.4,12,8,16,4,0.8,S22,,,,,,,,
S22_802,9,11,15,5,0.75,7,13,17,3,0.85,S22,,,,,,,,
S22_801,5,7,7,7,0.5,9,11,16,4,0.8,S22,,,,,,,,
S22_903,16,4,19,1,0.95,9,11,13,7,0.65,S22,,,,,,,,
S22_902,4,16,17,3,0.85,15,5,11,9,0.55,S22,,,,,,,,
S22_904,7,13,4,16,0.2,4,16,10,10,0.5,S22,,,,,,,,
S22_905,4,16,14,6,0.7,11,8,6,14,0.3,S22,,,,,,,,
S22_901,5,15,16,4,0.8,6,14,14,6,0.7,S22,,,,,,,,
S22_603,1,14,4,7,0.364,11,9,14,6,0.7,S22,,,,,,,,
S22_900,5,15,8,12,0.4,7,13,8,12,0.4,S22,,,,,,,,
F22_1,7,28,22,14,NaN,17,28,24,13,NaN,F22,F22_F22_1,,,,,,,
F22_4,7,13,8,12,0.4,6,14,5,15,0.25,F22,F22_F22_4,,,,,,,
F22_10,4,16,5,15,0.25,8,12,6,14,0.3,F22,F22_F22_10,,,,,,,
F22_11,5,15,14,6,0.7,8,12,14,6,0.7,F22,F22_F22_11,,,,,,,
F22_12,7,13,19,1,0.95,3,17,8,12,0.4,F22,F22_F22_12,,,,,,,
F22_13,3,17,16,4,0.8,6,14,11,9,0.55,F22,F22_F22_13,,,,,,,
F22_30,7,13,11,9,0.55,8,12,8,12,0.4,F22,F22_F22_30,,,,,,,
F22_31,4,16,15,5,0.75,16,2,10,2,0.833,F22,F22_F22_31,,,,,,,
F22_32,10,10,13,7,0.65,10,10,17,3,0.85,F22,F22_F22_32,,,,,,,
F22_40,8,12,11,9,NaN,3,17,3,17,NaN,F22,F22_F22_40,,,,,,,
F22_41,0,20,4,16,NaN,3,17,5,15,NaN,F22,F22_F22_41,,,,,,,
F22_42,2,15,5,18,NaN,,,,,,F22,F22_F22_42,,,,,,,
F22_43,20,0,20,0,1,12,8,17,3,0.85,F22,F22_F22_43,,,,,,,
F22_44,2,18,11,9,NaN,7,13,12,8,NaN,F22,F22_F22_44,,,,,,,
F22_60,15,5,18,2,0.9,4,16,12,8,0.6,F22,F22_F22_60,,,,,,,
F22_61,9,11,17,3,0.85,14,6,14,6,0.7,F22,F22_F22_61,,,,,,,
F22_62,3,11,7,13,0.35,2,10,8,11,0.421,F22,F22_F22_62,,,,,,,
F22_63,8,12,9,11,0.45,9,11,6,14,0.3,F22,F22_F22_63,,,,,,,
F22_64,9,11,15,5,0.75,2,18,11,9,0.55,F22,F22_F22_64,,,,,,,
F22_65,0,8,5,5,0.5,16,4,10,10,0.5,F22,F22_F22_65,,,,,,,
F22_70,15,5,18,2,0.9,1,19,13,7,0.65,F22,F22_F22_70,,,,,,,
F22_71,8,12,12,8,0.6,3,6,8,7,0.533,F22,F22_F22_71,,,,,,,
F22_72,3,17,13,7,0.65,4,16,10,10,0.5,F22,F22_F22_72,,,,,,,
F22_73,3,17,10,10,0.5,4,16,7,13,0.35,F22,F22_F22_73,,,,,,,
F22_80,4,16,10,10,0.5,4,16,7,13,0.35,F22,F22_F22_80,,,,,,,
F22_81,5,15,6,14,0.3,14,6,13,7,0.65,F22,F22_F22_81,,,,,,,
F22_82,13,7,14,6,NaN,11,9,14,6,NaN,F22,F22_F22_82,,,,,,,
F22_83,0,20,7,13,NaN,0,20,11,9,NaN,F22,F22_F22_83,,,,,,,
F22_90,10,10,6,14,0.3,6,14,11,9,0.55,F22,F22_F22_90,,,,,,,
F22_91,4,16,3,17,0.15,5,15,14,6,0.7,F22,F22_F22_91,,,,,,,
F22_92,0,20,12,8,0.6,12,8,16,4,0.8,F22,F22_F22_92,,,,,,,
F22_93,15,5,17,3,0.85,0,20,1,19,0.05,F22,F22_F22_93,,,,,,,
F22_94,8,12,6,14,0.3,20,0,20,0,1,F22,F22_F22_94,,,,,,,
F22_95,13,7,16,4,0.8,8,12,10,10,0.5,F22,F22_F22_95,,,,,,,
F22_100,0,12,3,6,0.333,2,18,11,9,0.55,F22,F22_F22_100,,,,,,,
F22_101,,,,,,8,12,7,13,0.35,F22,F22_F22_101,,,,,,,
F22_102,4,16,6,14,0.3,7,13,11,9,0.55,F22,F22_F22_102,,,,,,,
F22_103,4,16,6,14,NaN,7,13,11,9,NaN,F22,F22_F22_103,,,,,,,
F22_200,1,19,14,6,NaN,6,14,10,10,NaN,F22,F22_F22_200,,,,,,,
F22_201,2,18,7,13,NaN,12,8,13,7,NaN,F22,F22_F22_201,,,,,,,
F22_202,7,13,8,12,0.4,6,14,5,15,0.25,F22,F22_F22_202,,,,,,,
F22_203,4,16,9,11,NaN,7,13,9,11,NaN,F22,F22_F22_203,,,,,,,
F22_206,5,15,14,6,0.7,20,0,20,0,1,F22,F22_F22_206,,,,,,,
F22_301,5,15,8,12,0.4,3,17,11,3,0.786,F22,F22_F22_301,,,,,,,
F22_303,2,18,8,12,0.4,6,14,12,8,0.6,F22,F22_F22_303,,,,,,,
F22_304,3,17,14,6,0.7,8,12,11,9,0.55,F22,F22_F22_304,,,,,,,
F22_400,1,19,7,13,NaN,6,7,8,6,NaN,F22,F22_F22_400,,,,,,,
F22_401,5,15,14,6,NaN,0,20,9,11,NaN,F22,F22_F22_401,,,,,,,
F22_402,9,11,16,4,NaN,,,,,,F22,F22_F22_402,,,,,,,
F22_403,7,13,10,10,0.5,7,13,10,10,0.5,F22,F22_F22_403,,,,,,,
F22_404,8,12,11,9,0.55,,,,,,F22,F22_F22_404,,,,,,,
F22_500,7,1,11,9,0.55,3,17,9,11,0.45,F22,F22_F22_500,,,,,,,
F22_501,5,15,12,8,0.6,10,10,15,5,0.75,F22,F22_F22_501,,,,,,,
F22_503,6,14,13,7,0.65,12,8,15,5,0.75,F22,F22_F22_503,,,,,,,
F22_504,7,13,15,5,0.75,6,14,17,3,0.85,F22,F22_F22_504,,,,,,,
F22_505,4,16,11,9,0.55,9,11,12,8,0.6,F22,F22_F22_505,,,,,,,
F22_600,11,9,8,12,0.4,9,11,13,7,0.65,F22,F22_F22_600,,,,,,,
F22_601,4,16,12,8,0.6,9,11,9,11,0.45,F22,F22_F22_601,,,,,,,
F22_602,8,12,8,12,0.4,13,7,11,9,0.55,F22,F22_F22_602,,,,,,,
F22_603,2,18,3,17,0.15,14,6,19,1,0.95,F22,F22_F22_603,,,,,,,
F22_604,7,13,6,14,0.3,4,16,11,9,0.55,F22,F22_F22_604,,,,,,,
F22_700,7,13,10,10,0.5,10,10,13,7,0.65,F22,F22_F22_700,,,,,,,
F22_701,5,15,5,15,0.25,2,18,6,14,0.3,F22,F22_F22_701,,,,,,,
F22_702,7,13,11,9,0.55,20,0,17,3,0.85,F22,F22_F22_702,,,,,,,
F22_703,2,18,14,6,0.7,8,12,14,6,0.7,F22,F22_F22_703,,,,,,,
F22_704,0,20,1,19,0.05,8,12,8,2,0.8,F22,F22_F22_704,,,,,,,
F22_800,5,15,10,10,0.5,4,16,8,12,0.4,F22,F22_F22_800,,,,,,,
F22_801,9,11,17,3,0.85,2,14,6,14,0.3,F22,F22_F22_801,,,,,,,
F22_802,2,18,8,12,NaN,6,14,6,12,NaN,F22,F22_F22_802,,,,,,,
F22_803,2,18,9,11,NaN,0,20,20,10,NaN,F22,F22_F22_803,,,,,,,
F22_804,3,17,9,11,0.45,2,18,10,10,0.5,F22,F22_F22_804,,,,,,,
F22_805,4,16,5,14,NaN,2,18,15,5,NaN,F22,F22_F22_805,,,,,,,
F22_900,2,18,13,7,NaN,4,16,19,1,NaN,F22,F22_F22_900,,,,,,,
F22_901,6,14,6,14,0.3,6,14,9,11,0.45,F22,F22_F22_901,,,,,,,
F22_902,0,20,4,16,0.2,0,20,1,19,0.05,F22,F22_F22_902,,,,,,,
F22_903,6,14,12,8,0.6,6,14,15,5,0.75,F22,F22_F22_903,,,,,,,
F22_904,1,19,4,16,0.2,10,10,4,16,0.2,F22,F22_F22_904,,,,,,,
F22_905,18,2,9,11,0.45,17,3,2,18,0.1,F22,F22_F22_905,,,,,,,
F22_1000,10,10,17,3,0.85,1,19,0,18,0,F22,F22_F22_1000,,,,,,,
F22_2000,4,16,6,14,0.3,4,16,7,13,0.35,F22,F22_F22_2000,,,,,,,
F22_2100,7,13,11,9,NaN,6,13,7,1,NaN,F22,F22_F22_2100,,,,,,,
F22_2200,4,16,7,13,0.35,3,17,8,12,0.4,F22,F22_F22_2200,,,,,,,
F22_2300,10,10,16,4,0.8,13,7,4,16,0.2,F22,F22_F22_2300,,,,,,,
F22_2400,6,14,5,15,0.25,19,1,15,5,0.75,F22,F22_F22_2400,,,,,,,
F22_3000,5,15,3,17,0.15,8,12,6,14,0.3,F22,F22_F22_3000,,,,,,,
F22_3100,2,6,0,3,0,7,14,6,13,0.316,F22,F22_F22_3100,,,,,,,
F22_3200,3,17,9,11,0.45,0,20,4,16,0.2,F22,F22_F22_3200,,,,,,,
F22_3300,7,13,9,9,NaN,2,18,2,18,NaN,F22,F22_F22_3300,,,,,,,
F22_3400,10,10,16,4,NaN,0,20,2,18,NaN,F22,F22_F22_3400,,,,,,,
F22_3500,10,10,13,7,0.65,1,19,11,9,0.55,F22,F22_F22_3500,,,,,,,
F22_3600,9,67,35,31,0.53,16,14,13,8,0.619,F22,F22_F22_3600,,,,,,,
F22_3700,3,17,16,4,0.8,9,11,15,5,0.75,F22,F22_F22_3700,,,,,,,
F22_3800,12,8,14,6,NaN,14,6,19,1,NaN,F22,F22_F22_3800,,,,,,,
F22_3900,,,,,,,,,,,F22,F22_F22_3900,,,,,,,
F22_4000,3,8,9,4,NaN,40,35,38,0,NaN,F22,F22_F22_4000,,,,,,,
F22_204,7,13,14,6,0.7,7,13,10,10,0.5,F22,F22_F22_204,,,,,,,
F22_302,5,13,6,12,0.333,3,17,9,11,0.45,F22,F22_F22_302,,,,,,,
F22_300,6,14,10,10,0.5,6,10,2,8,0.2,F22,F22_F22_300,,,,,,,
F22_502,20,0,20,0,NaN,14,6,16,4,NaN,F22,F22_F22_502,,,,,,,
F22_4100,6,14,3,17,0.15,3,17,7,13,0.35,F22,F22_F22_4100,,,,,,,
TA.02,10,10,10,10,0.5,10,10,10,10,0.5,S23,,,,,,,,
TA.03,14,6,11,9,0.55,6,14,18,2,0.9,S23,,,,,,,,
TA.04,10,10,10,10,0.5,10,10,10,10,0.5,S23,,,,,,,,
TA.01,1,19,6,14,0.3,17,3,18,2,0.9,S23,,,,,,,,
Sam.17,12,8,19,1,0.95,16,4,13,7,0.65,S23,,,,,,,,
Sam.15,8,12,11,9,0.55,16,4,14,6,0.7,S23,,,,,,,,
Sam.20,14,6,11,9,0.55,13,7,19,1,0.95,S23,,,,,,,,
Sam.16,6,14,11,9,0.55,13,7,14,6,0.7,S23,,,,,,,,
Sam.18,2,18,8,12,NaN,19,1,20,0,NaN,S23,,,,,,,,
10,14,6,10,10,0.5,18,2,18,2,0.9,S23,,,,,,,,
Olivia.03,15,5,15,5,0.75,20,0,20,0,1,S23,,,,,,,,
Olivia.05,17,3,18,2,0.9,6,14,17,3,0.85,S23,,,,,,,,
Olivia.01,10,10,14,6,0.7,18,2,20,0,1,S23,,,,,,,,
Melissa.11,2,18,17,3,0.85,13,7,20,0,1,S23,,,,,,,,
Melissa.14,17,3,15,5,0.75,9,11,11,9,0.55,S23,,,,,,,,
Melissa.09,12,8,15,5,0.75,4,16,13,7,0.65,S23,,,,,,,,
Melissa.12,9,11,16,4,0.8,14,6,19,1,0.95,S23,,,,,,,,
Olivia.04,12,8,17,3,0.85,17,3,20,0,1,S23,,,,,,,,
Melissa.13,10,10,16,4,0.8,1,19,9,11,0.45,S23,,,,,,,,
19,11,9,9,11,0.45,17,3,18,2,0.9,S23,,,,,,,,
Grace.38,3,17,12,8,0.6,16,4,17,3,0.85,S23,,,,,,,,
Grace.39,8,12,13,7,0.65,6,14,7,13,0.35,S23,,,,,,,,
Grace.36,4,16,17,3,0.85,15,5,20,0,1,S23,,,,,,,,
Grace.41,3,17,10,10,0.5,10,10,12,8,0.6,S23,,,,,,,,
Grace.40,,,,,,8,6,10,18,NaN,S23,,,,,,,,
Alexis.32,14,6,15,5,0.75,15,5,13,7,0.65,S23,,,,,,,,
Alexis.33,2,18,14,6,0.7,,,,,,S23,,,,,,,,
Alicia.26,7,13,11,9,0.55,,,,,,S23,,,,,,,,
Alicia.25,1,19,13,7,0.65,17,3,19,1,0.95,S23,,,,,,,,
Alicia.22,10,10,8,12,0.4,8,12,17,3,0.85,S23,,,,,,,,
Alexis.29,8,12,15,5,0.75,8,2,19,1,0.95,S23,,,,,,,,
Alexis.31,13,7,14,6,0.7,8,12,16,4,0.8,S23,,,,,,,,
Alexis.30,8,12,18,2,0.9,19,1,19,1,0.95,S23,,,,,,,,
Alicia.24,8,12,17,3,0.85,14,6,20,0,1,S23,,,,,,,,
Alicia.23,6,14,9,11,0.45,13,7,16,4,0.8,S23,,,,,,,,
Olivia.02,4,14,14,6,0.7,13,0,15,3,0.833,S23,,,,,,,,
Grace.57,,,,,,,,,,,S23,,,,,,,,
Grace.59,6,14,5,15,0.25,12,8,20,0,1,S23,,,,,,,,
Grace.58,5,15,16,4,0.8,17,3,18,2,0.9,S23,,,,,,,,
Grace.60,11,9,13,7,0.65,12,8,13,7,0.65,S23,,,,,,,,
Lucas.52,20,0,20,0,1,18,2,19,1,0.95,S23,,,,,,,,
Lucas.51,7,13,14,6,0.7,6,14,10,10,0.5,S23,,,,,,,,
Lucas.54,1,19,8,9,NaN,8,2,9,4,NaN,S23,,,,,,,,
Lucas.53,6,14,16,4,0.8,4,16,15,5,0.75,S23,,,,,,,,
Justine.44,9,6,13,2,0.867,13,7,14,6,0.7,S23,,,,,,,,
Justine.45,4,16,17,3,0.85,11,9,14,7,0.667,S23,,,,,,,,
Justine.47,0,20,0,20,0,9,11,14,6,0.7,S23,,,,,,,,
Grace.62,11,9,13,7,0.65,12,8,13,7,0.65,S23,,,,,,,,
Justine.46,4,16,9,11,0.45,9,11,14,6,0.7,S23,,,,,,,,
Grace.37,14,,16,,,13,7,16,4,0.8,S23,,,,,,,,
Delores.80,13,7,17,3,0.85,15,5,16,4,0.8,S23,,,,,,,,
Delores.81,,,,,,16,0,23,0,1,S23,,,,,,,,
Grace.61,5,15,18,2,0.9,4,16,11,9,0.55,S23,,,,,,,,
Delores.82,2,18,17,3,0.85,19,1,18,2,0.9,S23,,,,,,,,
Delores.79,12,8,16,4,NaN,17,3,18,2,NaN,S23,,,,,,,,
Leeza.72,,,,,,,,,,,S23,,,,,,,,
Jon.66,,,,,,,,,,,S23,,,,,,,,
Jon.67,6,14,15,5,0.75,13,7,9,11,0.45,S23,,,,,,,,
Leeza.73,7,13,9,11,0.45,12,12,15,6,0.714,S23,,,,,,,,
Jon.65,13,7,16,4,NaN,20,,19,,,S23,,,,,,,,
Leeza.71,15,5,20,0,1,19,1,20,0,1,S23,,,,,,,,
Leeza.74,14,6,14,6,0.7,20,0,20,0,1,S23,,,,,,,,
Jon.68,17,3,18,2,0.9,20,0,20,0,1,S23,,,,,,,,
Sam.99,10,10,19,1,0.95,14,6,16,4,0.8,S23,,,,,,,,
Sam.104,18,2,20,0,1,20,0,20,0,1,S23,,,,,,,,
Sam.100,4,16,12,8,0.6,16,4,18,2,0.9,S23,,,,,,,,
Sam.103,10,10,12,8,0.6,9,11,14,6,0.7,S23,,,,,,,,
Sam.101,4,16,8,12,0.4,10,10,18,2,0.9,S23,,,,,,,,
102,19,1,20,0,1,5,15,9,11,0.45,S23,,,,,,,,
Yuki.85,7,7,5,1,0.833,10,10,13,5,0.722,S23,,,,,,,,
Yuki.89,6,10,10,4,0.714,14,6,16,4,0.8,S23,,,,,,,,
Yuki.87,2,18,9,11,0.45,19,1,17,3,0.85,S23,,,,,,,,
Yuki.86,6,12,17,3,0.85,20,0,19,1,0.95,S23,,,,,,,,
Rachel.92,10,10,12,8,0.6,17,3,20,0,1,S23,,,,,,,,
Rachel.95,2,18,15,5,NaN,7,5,16,4,NaN,S23,,,,,,,,
Rachel.93,15,4,16,5,0.762,20,0,20,0,1,S23,,,,,,,,
Rachel.94,2,18,16,4,0.8,17,3,16,4,0.8,S23,,,,,,,,
Deanna.122,5,15,13,7,0.65,4,7,7,11,0.389,S23,,,,,,,,
Deanna.124,10,10,9,11,0.45,8,12,8,12,0.4,S23,,,,,,,,
Deanna.120,3,17,13,7,0.65,5,15,19,1,0.95,S23,,,,,,,,
Lucas.50,,,,,,5,12,14,9,0.609,S23,,,,,,,,
Deanna.125,13,7,13,7,0.65,17,3,17,3,0.85,S23,,,,,,,,
123,4,16,15,5,0.75,17,3,16,4,0.8,S23,,,,,,,,
Deanna. 123,4,16,15,5,0.75,17,3,16,4,0.8,S23,,,,,,,,
Deanna.121,2,18,13,7,0.65,1,19,15,5,0.75,S23,,,,,,,,
Alicia.108,10,10,17,3,NaN,20,0,20,0,NaN,S23,,,,,,,,
Alicia.106,5,15,17,3,0.85,18,2,16,4,0.8,S23,,,,,,,,
Malcolm.119,10,10,6,14,0.3,20,0,20,0,1,S23,,,,,,,,
Yuki.88,10,10,13,7,0.65,10,10,16,4,0.8,S23,,,,,,,,
Malcolm.115,11,9,17,3,0.85,7,13,16,4,0.8,S23,,,,,,,,
2,14,6,16,4,0.8,11,9,13,7,0.65,S23,,,,,,,,
Malcolm.113,13,7,13,7,0.65,0,20,0,20,0,S23,,,,,,,,
Malcolm.116,17,3,19,1,0.95,20,0,19,1,0.95,S23,,,,,,,,
Alicia.109,10,10,13,7,0.65,10,10,16,4,0.8,S23,,,,,,,,
Malcolm.114,11,17,8,18,0.308,0,20,0,20,0,S23,,,,,,,,
Nadine.143,12,8,8,12,0.4,14,6,18,2,0.9,S23,,,,,,,,
Nadine.146,4,16,16,4,0.8,13,7,18,2,0.9,S23,,,,,,,,
Nadine. 145,17,3,16,4,0.8,11,9,14,6,0.7,S23,,,,,,,,
Nadine.144,12,8,10,10,NaN,13,7,14,6,NaN,S23,,,,,,,,
Nadine.142,7,13,14,6,0.7,18,2,18,2,0.9,S23,,,,,,,,
141,15,5,15,5,0.75,5,15,11,9,0.55,S23,,,,,,,,
Justine.128,,,,,,,,,,,S23,,,,,,,,
Justine.130,11,9,9,11,0.45,8,12,12,8,0.6,S23,,,,,,,,
Justine.127,6,14,14,6,0.7,18,2,18,2,0.9,S23,,,,,,,,
Justine.131,14,6,15,5,0.75,19,1,20,0,1,S23,,,,,,,,
Lucas.138,8,12,11,9,0.55,9,11,16,4,0.8,S23,,,,,,,,
Lucas.134,4,16,17,3,0.85,8,12,16,4,0.8,S23,,,,,,,,
Justine.129,10,10,15,5,0.75,10,10,16,4,0.8,S23,,,,,,,,
Lucas.139,12,8,15,5,0.75,16,4,17,3,0.85,S23,,,,,,,,
Lucas.135,18,2,17,3,0.85,17,3,20,0,1,S23,,,,,,,,
Lucas.137,18,9,11,9,0.55,20,0,20,0,1,S23,,,,,,,,
Justine.43,5,15,15,5,NaN,11,9,14,6,NaN,S23,,,,,,,,
Lucas.136,20,0,9,0,1,20,0,20,0,1,S23,,,,,,,,
Delores.163,7,13,5,12,0.294,14,6,20,0,1,S23,,,,,,,,
Delores.166,7,13,6,14,0.3,17,3,19,1,0.95,S23,,,,,,,,
Delores.164,13,7,8,12,NaN,6,14,10,10,NaN,S23,,,,,,,,
Delores.162,0,20,14,6,0.7,0,20,0,20,0,S23,,,,,,,,
165,9,11,8,12,0.4,0,20,6,14,0.3,S23,,,,,,,,
Delores.167,2,18,7,13,0.35,11,9,15,5,0.75,S23,,,,,,,,
151,0,0,1,1,0.5,20,0,20,0,1,S23,,,,,,,,
Nadine.150,13,7,17,3,0.85,,,,,,S23,,,,,,,,
148,6,14,12,8,0.6,19,1,18,2,0.9,S23,,,,,,,,
Nadine.149,3,17,12,8,0.6,12,8,17,3,0.85,S23,,,,,,,,
Melissa.156,20,0,18,2,0.9,20,1,19,0,1,S23,,,,,,,,
Melissa.155,2,18,8,12,0.4,19,1,14,6,0.7,S23,,,,,,,,
Melissa.158,3,17,4,16,0.2,12,8,11,9,0.55,S23,,,,,,,,
Melissa.159,5,15,6,14,0.3,9,11,13,7,0.65,S23,,,,,,,,
Olivia.186,6,4,10,0,1,3,9,8,6,0.571,S23,,,,,,,,
Olivia.187,1,19,16,4,0.8,17,3,19,1,0.95,S23,,,,,,,,
Olivia.185,8,12,14,6,0.7,17,3,18,2,0.9,S23,,,,,,,,
Olivia.184,5,8,12,7,0.632,8,12,18,2,0.9,S23,,,,,,,,
Olivia.183,6,14,5,15,0.25,8,12,13,7,0.65,S23,,,,,,,,
Olivia.188,4,16,2,18,NaN,16,4,17,3,NaN,S23,,,,,,,,
Leeza.178,1,19,14,6,0.7,13,7,12,2,0.857,S23,,,,,,,,
Tatiana. 169,7,13,17,3,0.85,7,13,8,12,0.4,S23,,,,,,,,
Tatiana.171,7,13,14,6,0.7,,,,,,S23,,,,,,,,
Leeza.176,3,17,14,6,0.7,11,9,12,7,0.632,S23,,,,,,,,
Tatiana.172,7,11,13,9,0.591,6,3,3,1,0.75,S23,,,,,,,,
179,14,6,9,11,0.45,9,11,17,3,0.85,S23,,,,,,,,
Tatiana.174,8,12,18,2,0.9,14,6,17,3,0.85,S23,,,,,,,,
Tatiana.173,,,,,,11,9,14,6,0.7,S23,,,,,,,,
leeza.177,15,5,15,5,0.75,11,9,15,5,0.75,S23,,,,,,,,
205,12,8,17,3,0.85,16,4,18,2,0.9,S23,,,,,,,,
Deanna.206,6,14,13,7,0.65,13,7,15,5,0.75,S23,,,,,,,,
Melissa.157,9,11,11,9,NaN,11,9,14,6,NaN,S23,,,,,,,,
Deanna.205,12,8,17,3,0.85,16,4,18,2,0.9,S23,,,,,,,,
Deanna.209,4,16,9,11,0.45,9,11,17,3,0.85,S23,,,,,,,,
Deanna.208,9,11,15,5,0.75,12,8,17,3,0.85,S23,,,,,,,,
Malcolm.201,2,18,4,16,0.2,9,11,11,9,0.55,S23,,,,,,,,
Deanna.207,3,17,12,8,0.6,4,16,13,7,0.65,S23,,,,,,,,
Malcolm.200,10,10,14,6,0.7,0,20,0,20,0,S23,,,,,,,,
Cam.190,10,10,12,8,0.6,13,2,15,5,0.75,S23,,,,,,,,
Malcolm.197,18,2,17,3,0.85,0,20,0,20,0,S23,,,,,,,,
Cam.191,20,0,20,0,1,7,13,15,5,0.75,S23,,,,,,,,
Cam.193,,,,,,,,,,,S23,,,,,,,,
Malcolm.199,16,16,16,18,NaN,17,3,18,2,NaN,S23,,,,,,,,
Malcolm.198,,,,,,13,0,7,0,1,S23,,,,,,,,
Cam.194,4,15,9,13,0.409,7,8,18,7,0.72,S23,,,,,,,,
Cam.192,2,18,8,10,0.444,6,14,12,8,0.6,S23,,,,,,,,
Deanna.204,14,6,18,2,0.9,16,4,19,1,0.95,S23,,,,,,,,
Malcolm.202,3,17,11,9,0.55,17,3,19,1,0.95,S23,,,,,,,,
Nick.235,8,12,14,6,0.7,13,7,17,3,0.85,S23,,,,,,,,
Nick.234,10,10,15,5,0.75,4,16,4,16,0.2,S23,,,,,,,,
Nick.237,11,9,12,8,0.6,12,8,13,7,0.65,S23,,,,,,,,
NICK.232,1,19,11,9,0.55,3,17,18,2,0.9,S23,,,,,,,,
Nick.236,5,15,8,12,0.4,14,6,17,3,0.85,S23,,,,,,,,
Yuki.212,7,13,18,2,0.9,16,4,12,8,0.6,S23,,,,,,,,
Nick.233,3,17,8,12,0.4,1,19,4,16,0.2,S23,,,,,,,,
Alexis.220,19,1,19,1,NaN,20,0,20,0,NaN,S23,,,,,,,,
Yuki.214,9,5,0,0,NaN,10,10,12,8,0.6,S23,,,,,,,,
Yuki.211,10,10,7,10,0.412,9,11,14,6,0.7,S23,,,,,,,,
Alexis.221,4,16,2,18,0.1,1,19,13,7,0.65,S23,,,,,,,,
Alexis.222,10,10,14,6,NaN,20,0,20,0,NaN,S23,,,,,,,,
Deanna.201,14,6,18,2,0.9,17,3,18,2,0.9,S23,,,,,,,,
Alexis.219,9,11,15,5,NaN,9,11,10,19,NaN,S23,,,,,,,,
Alexis.218,4,16,3,17,0.15,4,16,5,15,0.25,S23,,,,,,,,
Jon.240,1,19,14,6,0.7,16,4,17,3,0.85,S23,,,,,,,,
Jon.241,13,7,11,9,0.55,16,4,18,2,0.9,S23,,,,,,,,
Jon.239,2,18,2,18,0.1,7,13,9,11,0.45,S23,,,,,,,,
Nick.226,18,2,20,0,1,7,13,17,3,0.85,S23,,,,,,,,
Nick.225,8,12,15,5,0.75,2,18,2,18,0.1,S23,,,,,,,,
Rachel.248,5,15,7,13,0.35,6,14,7,13,0.35,S23,,,,,,,,
Rachel.247,18,2,20,0,1,17,3,19,1,0.95,S23,,,,,,,,
Rachel.246,9,10,15,5,0.75,11,9,15,5,0.75,S23,,,,,,,,
249,10,10,16,4,0.8,17,3,16,4,0.8,S23,,,,,,,,
Cam.260,10,10,13,7,0.65,11,9,19,1,0.95,S23,,,,,,,,
Tatiana.254,6,14,13,7,0.65,13,7,19,1,0.95,S23,,,,,,,,
Cam.262,33,22,27,12,0.692,19,23,52,30,0.634,S23,,,,,,,,
Cam.261,11,18,14,12,0.538,20,0,15,5,0.75,S23,,,,,,,,
Cam.263,14,6,15,5,0.75,8,12,10,10,0.5,S23,,,,,,,,
Tatiana.253,22,23,23,7,0.767,8,12,13,7,0.65,S23,,,,,,,,
Tatiana.170,8,12,13,7,0.65,4,16,13,7,0.65,S23,,,,,,,,
Yuki.213,0,49,53,0,1,24,13,26,17,0.605,S23,,,,,,,,
Ninah.02,12,8,11,9,0.55,8,12,14,0,1,F23,,,,,,,,
Nick.01,12,8,17,3,0.85,6,14,14,6,0.7,F23,,,,,,,,
NICK.02,6,14,11,9,0.55,8,11,13,5,0.722,F23,,,,,,,,
Ninah.01,12,8,13,7,0.65,18,2,16,4,0.8,F23,,,,,,,,
Nick.04,7,8,13,7,0.65,12,8,15,5,0.75,F23,,,,,,,,
Nick.03,17,3,17,3,0.85,19,1,16,4,0.8,F23,,,,,,,,
Ninah.03,4,16,14,6,0.7,7,13,16,4,0.8,F23,,,,,,,,
Nick.06,13,7,16,4,0.8,10,10,20,0,1,F23,,,,,,,,
Nick.05,9,11,17,3,0.85,,,,,,F23,,,,,,,,
Nick.07,10,10,13,7,0.65,18,2,19,1,0.95,F23,,,,,,,,
Charlie.01,1,19,13,7,0.65,11,9,5,15,0.25,F23,,,,,,,,
Charlie.02,18,2,19,1,0.95,6,14,15,5,0.75,F23,,,,,,,,
Ninah.04,2,11,19,9,0.679,14,14,11,9,0.55,F23,,,,,,,,
Ashley.03,0,20,9,11,0.45,6,14,8,12,0.4,F23,,,,,,,,
Madeleine.01,7,13,17,3,0.85,3,17,12,8,0.6,F23,,,,,,,,
Ashley.02,12,8,16,4,0.8,0,2,2,5,0.286,F23,,,,,,,,
Ashley.04,6,14,7,13,0.35,16,4,15,5,0.75,F23,,,,,,,,
Madeleine.03,9,11,13,7,0.65,18,2,18,2,0.9,F23,,,,,,,,
Madeleine.04,18,2,20,0,1,18,2,17,3,0.85,F23,,,,,,,,
Madeleine.02,17,3,12,8,0.6,14,6,20,0,1,F23,,,,,,,,
Ashley.01,10,10,8,12,0.4,0,2,2,5,0.286,F23,,,,,,,,
Deanna.01,6,14,8,12,0.4,9,11,11,9,0.55,F23,,,,,,,,
Sophia.01,9,11,20,0,1,13,7,13,7,0.65,F23,,,,,,,,
Sophia.02,2,18,7,13,0.35,11,9,17,3,0.85,F23,,,,,,,,
Eric.02,6,5,4,0,1,7,3,6,4,0.6,F23,,,,,,,,
Eric.01,12,8,13,7,0.65,11,9,18,2,0.9,F23,,,,,,,,
Charlie.04,15,5,19,1,0.95,13,7,10,10,0.5,F23,,,,,,,,
Ashley.05,18,2,18,2,0.9,6,14,16,4,0.8,F23,,,,,,,,
Ashley.06,10,10,11,9,0.55,13,7,18,2,0.9,F23,,,,,,,,
Charlie.03,18,8,16,4,0.8,1,2,8,2,0.8,F23,,,,,,,,
Madeleine.06,19,1,14,6,0.7,15,5,20,0,1,F23,,,,,,,,
Madeleine.05,9,11,17,3,0.85,15,5,16,4,0.8,F23,,,,,,,,
Madeline.07,,,,,,11,9,16,4,0.8,F23,,,,,,,,
Eric.03,19,1,19,1,0.95,15,5,19,1,0.95,F23,,,,,,,,
Eric.04,18,2,20,0,1,14,6,20,0,1,F23,,,,,,,,
Deanna.04,12,8,18,2,0.9,16,4,20,0,1,F23,,,,,,,,
Deanna.02,3,17,11,9,0.55,19,1,20,0,1,F23,,,,,,,,
Deanna.03,12,8,18,2,0.9,12,8,12,8,0.6,F23,,,,,,,,
Sophia.04,8,12,17,3,0.85,9,11,15,5,0.75,F23,,,,,,,,
Sophia.06,7,13,10,10,0.5,12,8,15,5,0.75,F23,,,,,,,,
Sophia.05,2,18,13,7,0.65,15,5,18,2,0.9,F23,,,,,,,,
Sophia.03,7,13,12,8,0.6,7,13,10,10,0.5,F23,,,,,,,,
,,,,,,,,,,,,,,,,,,,
,,,,,,,,,,,,,,,,,,,
,,,,,,,,,,,,,,,,,,,
,,,,,,,,,,,,,,,,,,,
,,,,,,,,,,,,,,,,,,,
,,,,,,,,,,,,,,,,,,,
,,,,,,,,,,,,,,,,,,,
,,,,,,,,,,,,,,,,,,,
,,,,,,,,,,,,,,,,,,,
,,,,,,,,,,,,,,,,,,,
,,,,,,,,,,,,,,,,,,,
,,,,,,,,,,,,,,,,,,,
,,,,,,,,,,,,,,,,,,,
,,,,,,,,,,,,,,,,,,,
,,,,,,,,,,,,,,,,,,,
,,,,,,,,,,,,,,,,,,,
,,,,,,,,,,,,,,,,,,,
,,,,,,,,,,,,,,,,,,,
,,,,,,,,,,,,,,,,,,,
,,,,,,,,,,,,,,,,,,,
,,,,,,,,,,,,,,,,,,,
,,,,,,,,,,,,,,,,,,,
,,,,,,,,,,,,,,,,,,,
,,,,,,,,,,,,,,,,,,,
,,,,,,,,,,,,,,,,,,,
,,,,,,,,,,,,,,,,,,,
,,,,,,,,,,,,,,,,,,,
,,,,,,,,,,,,,,,,,,,
,,,,,,,,,,,,,,,,,,,
,,,,,,,,,,,,,,,,,,,
,,,,,,,,,,,,,,,,,,,
,,,,,,,,,,,,,,,,,,,
,,,,,,,,,,,,,,,,,,,
,,,,,,,,,,,,,,,,,,,
,,,,,,,,,,,,,,,,,,,
,,,,,,,,,,,,,,,,,,,
,,,,,,,,,,,,,,,,,,,
,,,,,,,,,,,,,,,,,,,
,,,,,,,,,,,,,,,,,,,
,,,,,,,,,,,,,,,,,,,
,,,,,,,,,,,,,,,,,,,
,,,,,,,,,,,,,,,,,,,
,,,,,,,,,,,,,,,,,,,
,,,,,,,,,,,,,,,,,,,
,,,,,,,,,,,,,,,,,,,
,,,,,,,,,,,,,,,,,,,
,,,,,,,,,,,,,,,,,,,
,,,,,,,,,,,,,,,,,,,
,,,,,,,,,,,,,,,,,,,
,,,,,,,,,,,,,,,,,,,
,,,,,,,,,,,,,,,,,,,
,,,,,,,,,,,,,,,,,,,
,,,,,,,,,,,,,,,,,,,
,,,,,,,,,,,,,,,,,,,
,,,,,,,,,,,,,,,,,,,
,,,,,,,,,,,,,,,,,,,
,,,,,,,,,,,,,,,,,,,
,,,,,,,,,,,,,,,,,,,
,,,,,,,,,,,,,,,,,,,
,,,,,,,,,,,,,,,,,,,
,,,,,,,,,,,,,,,,,,,
,,,,,,,,,,,,,,,,,,,
,,,,,,,,,,,,,,,,,,,
,,,,,,,,,,,,,,,,,,,
,,,,,,,,,,,,,,,,,,,
,,,,,,,,,,,,,,,,,,,
,,,,,,,,,,,,,,,,,,,
,,,,,,,,,,,,,,,,,,,
,,,,,,,,,,,,,,,,,,,
,,,,,,,,,,,,,,,,,,,
,,,,,,,,,,,,,,,,,,,
,,,,,,,,,,,,,,,,,,,
,,,,,,,,,,,,,,,,,,,
,,,,,,,,,,,,,,,,,,,
,,,,,,,,,,,,,,,,,,,
,,,,,,,,,,,,,,,,,,,
,,,,,,,,,,,,,,,,,,,
,,,,,,,,,,,,,,,,,,,
,,,,,,,,,,,,,,,,,,,
,,,,,,,,,,,,,,,,,,,
,,,,,,,,,,,,,,,,,,,
,,,,,,,,,,,,,,,,,,,
,,,,,,,,,,,,,,,,,,,
,,,,,,,,,,,,,,,,,,,
,,,,,,,,,,,,,,,,,,,
,,,,,,,,,,,,,,,,,,,
,,,,,,,,,,,,,,,,,,,
,,,,,,,,,,,,,,,,,,,
,,,,,,,,,,,,,,,,,,,
,,,,,,,,,,,,,,,,,,,
,,,,,,,,,,,,,,,,,,,
,,,,,,,,,,,,,,,,,,,
,,,,,,,,,,,,,,,,,,,
,,,,,,,,,,,,,,,,,,,
,,,,,,,,,,,,,,,,,,,
,,,,,,,,,,,,,,,,,,,
,,,,,,,,,,,,,,,,,,,
,,,,,,,,,,,,,,,,,,,
,,,,,,,,,,,,,,,,,,,
,,,,,,,,,,,,,,,,,,,
,,,,,,,,,,,,,,,,,,,
,,,,,,,,,,,,,,,,,,,
,,,,,,,,,,,,,,,,,,,
,,,,,,,,,,,,,,,,,,,
,,,,,,,,,,,,,,,,,,,
,,,,,,,,,,,,,,,,,,,
,,,,,,,,,,,,,,,,,,,
,,,,,,,,,,,,,,,,,,,
,,,,,,,,,,,,,,,,,,,
,,,,,,,,,,,,,,,,,,,
,,,,,,,,,,,,,,,,,,,
,,,,,,,,,,,,,,,,,,,
,,,,,,,,,,,,,,,,,,,
,,,,,,,,,,,,,,,,,,,
,,,,,,,,,,,,,,,,,,,
,,,,,,,,,,,,,,,,,,,
,,,,,,,,,,,,,,,,,,,
,,,,,,,,,,,,,,,,,,,
,,,,,,,,,,,,,,,,,,,
,,,,,,,,,,,,,,,,,,,
,,,,,,,,,,,,,,,,,,,
,,,,,,,,,,,,,,,,,,,
,,,,,,,,,,,,,,,,,,,
,,,,,,,,,,,,,,,,,,,
,,,,,,,,,,,,,,,,,,,
,,,,,,,,,,,,,,,,,,,
,,,,,,,,,,,,,,,,,,,
,,,,,,,,,,,,,,,,,,,
,,,,,,,,,,,,,,,,,,,
,,,,,,,,,,,,,,,,,,,
,,,,,,,,,,,,,,,,,,,
,,,,,,,,,,,,,,,,,,,
,,,,,,,,,,,,,,,,,,,
,,,,,,,,,,,,,,,,,,,
,,,,,,,,,,,,,,,,,,,
,,,,,,,,,,,,,,,,,,,
,,,,,,,,,,,,,,,,,,,
,,,,,,,,,,,,,,,,,,,
,,,,,,,,,,,,,,,,,,,
,,,,,,,,,,,,,,,,,,,
,,,,,,,,,,,,,,,,,,,
,,,,,,,,,,,,,,,,,,,
,,,,,,,,,,,,,,,,,,,
,,,,,,,,,,,,,,,,,,,
,,,,,,,,,,,,,,,,,,,
,,,,,,,,,,,,,,,,,,,
,,,,,,,,,,,,,,,,,,,
,,,,,,,,,,,,,,,,,,,
,,,,,,,,,,,,,,,,,,,
,,,,,,,,,,,,,,,,,,,
,,,,,,,,,,,,,,,,,,,
,,,,,,,,,,,,,,,,,,,
,,,,,,,,,,,,,,,,,,,
,,,,,,,,,,,,,,,,,,,
,,,,,,,,,,,,,,,,,,,
,,,,,,,,,,,,,,,,,,,
,,,,,,,,,,,,,,,,,,,
,,,,,,,,,,,,,,,,,,,
,,,,,,,,,,,,,,,,,,,
,,,,,,,,,,,,,,,,,,,
,,,,,,,,,,,,,,,,,,,
,,,,,,,,,,,,,,,,,,,
,,,,,,,,,,,,,,,,,,,
,,,,,,,,,,,,,,,,,,,
,,,,,,,,,,,,,,,,,,,
,,,,,,,,,,,,,,,,,,,
,,,,,,,,,,,,,,,,,,,
,,,,,,,,,,,,,,,,,,,
,,,,,,,,,,,,,,,,,,,
,,,,,,,,,,,,,,,,,,,
,,,,,,,,,,,,,,,,,,,
,,,,,,,,,,,,,,,,,,,
,,,,,,,,,,,,,,,,,,,
,,,,,,,,,,,,,,,,,,,
,,,,,,,,,,,,,,,,,,,
,,,,,,,,,,,,,,,,,,,
,,,,,,,,,,,,,,,,,,,
,,,,,,,,,,,,,,,,,,,
,,,,,,,,,,,,,,,,,,,
,,,,,,,,,,,,,,,,,,,
,,,,,,,,,,,,,,,,,,,
,,,,,,,,,,,,,,,,,,,
,,,,,,,,,,,,,,,,,,,
,,,,,,,,,,,,,,,,,,,
,,,,,,,,,,,,,,,,,,,
,,,,,,,,,,,,,,,,,,,
,,,,,,,,,,,,,,,,,,,
,,,,,,,,,,,,,,,,,,,
,,,,,,,,,,,,,,,,,,,
,,,,,,,,,,,,,,,,,,,
,,,,,,,,,,,,,,,,,,,
,,,,,,,,,,,,,,,,,,,
,,,,,,,,,,,,,,,,,,,
,,,,,,,,,,,,,,,,,,,
,,,,,,,,,,,,,,,,,,,
,,,,,,,,,,,,,,,,,,,
,,,,,,,,,,,,,,,,,,,
,,,,,,,,,,,,,,,,,,,
,,,,,,,,,,,,,,,,,,,
,,,,,,,,,,,,,,,,,,,
,,,,,,,,,,,,,,,,,,,
,,,,,,,,,,,,,,,,,,,
,,,,,,,,,,,,,,,,,,,
,,,,,,,,,,,,,,,,,,,
,,,,,,,,,,,,,,,,,,,
,,,,,,,,,,,,,,,,,,,
,,,,,,,,,,,,,,,,,,,
,,,,,,,,,,,,,,,,,,,
,,,,,,,,,,,,,,,,,,,
,,,,,,,,,,,,,,,,,,,
,,,,,,,,,,,,,,,,,,,
,,,,,,,,,,,,,,,,,,,
,,,,,,,,,,,,,,,,,,,
,,,,,,,,,,,,,,,,,,,
,,,,,,,,,,,,,,,,,,,
,,,,,,,,,,,,,,,,,,,
,,,,,,,,,,,,,,,,,,,
,,,,,,,,,,,,,,,,,,,
,,,,,,,,,,,,,,,,,,,
,,,,,,,,,,,,,,,,,,,
,,,,,,,,,,,,,,,,,,,
,,,,,,,,,,,,,,,,,,,
,,,,,,,,,,,,,,,,,,,
,,,,,,,,,,,,,,,,,,,
,,,,,,,,,,,,,,,,,,,
,,,,,,,,,,,,,,,,,,,
,,,,,,,,,,,,,,,,,,,
,,,,,,,,,,,,,,,,,,,
,,,,,,,,,,,,,,,,,,,
,,,,,,,,,,,,,,,,,,,
,,,,,,,,,,,,,,,,,,,
,,,,,,,,,,,,,,,,,,,
,,,,,,,,,,,,,,,,,,,
,,,,,,,,,,,,,,,,,,,
,,,,,,,,,,,,,,,,,,,
,,,,,,,,,,,,,,,,,,,
,,,,,,,,,,,,,,,,,,,
,,,,,,,,,,,,,,,,,,,
,,,,,,,,,,,,,,,,,,,
,,,,,,,,,,,,,,,,,,,
,,,,,,,,,,,,,,,,,,,
,,,,,,,,,,,,,,,,,,,
,,,,,,,,,,,,,,,,,,,
,,,,,,,,,,,,,,,,,,,
,,,,,,,,,,,,,,,,,,,
,,,,,,,,,,,,,,,,,,,
,,,,,,,,,,,,,,,,,,,
,,,,,,,,,,,,,,,,,,,
,,,,,,,,,,,,,,,,,,,
,,,,,,,,,,,,,,,,,,,
,,,,,,,,,,,,,,,,,,,
,,,,,,,,,,,,,,,,,,,
,,,,,,,,,,,,,,,,,,,
,,,,,,,,,,,,,,,,,,,
,,,,,,,,,,,,,,,,,,,
,,,,,,,,,,,,,,,,,,,
,,,,,,,,,,,,,,,,,,,
,,,,,,,,,,,,,,,,,,,
,,,,,,,,,,,,,,,,,,,
,,,,,,,,,,,,,,,,,,,
,,,,,,,,,,,,,,,,,,,
,,,,,,,,,,,,,,,,,,,
,,,,,,,,,,,,,,,,,,,
,,,,,,,,,,,,,,,,,,,
,,,,,,,,,,,,,,,,,,,
,,,,,,,,,,,,,,,,,,,
,,,,,,,,,,,,,,,,,,,
,,,,,,,,,,,,,,,,,,,
,,,,,,,,,,,,,,,,,,,
,,,,,,,,,,,,,,,,,,,
,,,,,,,,,,,,,,,,,,,
,,,,,,,,,,,,,,,,,,,
,,,,,,,,,,,,,,,,,,,
,,,,,,,,,,,,,,,,,,,
,,,,,,,,,,,,,,,,,,,
,,,,,,,,,,,,,,,,,,,
,,,,,,,,,,,,,,,,,,,
,,,,,,,,,,,,,,,,,,,
,,,,,,,,,,,,,,,,,,,
,,,,,,,,,,,,,,,,,,,
,,,,,,,,,,,,,,,,,,,
,,,,,,,,,,,,,,,,,,,
,,,,,,,,,,,,,,,,,,,
,,,,,,,,,,,,,,,,,,,
,,,,,,,,,,,,,,,,,,,
,,,,,,,,,,,,,,,,,,,
,,,,,,,,,,,,,,,,,,,
,,,,,,,,,,,,,,,,,,,
,,,,,,,,,,,,,,,,,,,
,,,,,,,,,,,,,,,,,,,
,,,,,,,,,,,,,,,,,,,
,,,,,,,,,,,,,,,,,,,
,,,,,,,,,,,,,,,,,,,
,,,,,,,,,,,,,,,,,,,
,,,,,,,,,,,,,,,,,,,
,,,,,,,,,,,,,,,,,,,
,,,,,,,,,,,,,,,,,,,
,,,,,,,,,,,,,,,,,,,
,,,,,,,,,,,,,,,,,,,
,,,,,,,,,,,,,,,,,,,
,,,,,,,,,,,,,,,,,,,
,,,,,,,,,,,,,,,,,,,
,,,,,,,,,,,,,,,,,,,
,,,,,,,,,,,,,,,,,,,
,,,,,,,,,,,,,,,,,,,
,,,,,,,,,,,,,,,,,,,
,,,,,,,,,,,,,,,,,,,
,,,,,,,,,,,,,,,,,,,
,,,,,,,,,,,,,,,,,,,
,,,,,,,,,,,,,,,,,,,
,,,,,,,,,,,,,,,,,,,
,,,,,,,,,,,,,,,,,,,
,,,,,,,,,,,,,,,,,,,
,,,,,,,,,,,,,,,,,,,
,,,,,,,,,,,,,,,,,,,
,,,,,,,,,,,,,,,,,,,
,,,,,,,,,,,,,,,,,,,
,,,,,,,,,,,,,,,,,,,
,,,,,,,,,,,,,,,,,,,
,,,,,,,,,,,,,,,,,,,
,,,,,,,,,,,,,,,,,,,
,,,,,,,,,,,,,,,,,,,
,,,,,,,,,,,,,,,,,,,
,,,,,,,,,,,,,,,,,,,
,,,,,,,,,,,,,,,,,,,
,,,,,,,,,,,,,,,,,,,
,,,,,,,,,,,,,,,,,,,
,,,,,,,,,,,,,,,,,,,
,,,,,,,,,,,,,,,,,,,
,,,,,,,,,,,,,,,,,,,
,,,,,,,,,,,,,,,,,,,
,,,,,,,,,,,,,,,,,,,
,,,,,,,,,,,,,,,,,,,
,,,,,,,,,,,,,,,,,,,
,,,,,,,,,,,,,,,,,,,
,,,,,,,,,,,,,,,,,,,
,,,,,,,,,,,,,,,,,,,
,,,,,,,,,,,,,,,,,,,
,,,,,,,,,,,,,,,,,,,
,,,,,,,,,,,,,,,,,,,
,,,,,,,,,,,,,,,,,,,
,,,,,,,,,,,,,,,,,,,
,,,,,,,,,,,,,,,,,,,
,,,,,,,,,,,,,,,,,,,
,,,,,,,,,,,,,,,,,,,
,,,,,,,,,,,,,,,,,,,
,,,,,,,,,,,,,,,,,,,
,,,,,,,,,,,,,,,,,,,
,,,,,,,,,,,,,,,,,,,
,,,,,,,,,,,,,,,,,,,
,,,,,,,,,,,,,,,,,,,
,,,,,,,,,,,,,,,,,,,
,,,,,,,,,,,,,,,,,,,
,,,,,,,,,,,,,,,,,,,
,,,,,,,,,,,,,,,,,,,
,,,,,,,,,,,,,,,,,,,
,,,,,,,,,,,,,,,,,,,
,,,,,,,,,,,,,,,,,,,
,,,,,,,,,,,,,,,,,,,
,,,,,,,,,,,,,,,,,,,
,,,,,,,,,,,,,,,,,,,
,,,,,,,,,,,,,,,,,,,
,,,,,,,,,,,,,,,,,,,
,,,,,,,,,,,,,,,,,,,
,,,,,,,,,,,,,,,,,,,
,,,,,,,,,,,,,,,,,,,
,,,,,,,,,,,,,,,,,,,
,,,,,,,,,,,,,,,,,,,
,,,,,,,,,,,,,,,,,,,
,,,,,,,,,,,,,,,,,,,
,,,,,,,,,,,,,,,,,,,
,,,,,,,,,,,,,,,,,,,
,,,,,,,,,,,,,,,,,,,
,,,,,,,,,,,,,,,,,,,
,,,,,,,,,,,,,,,,,,,
,,,,,,,,,,,,,,,,,,,
,,,,,,,,,,,,,,,,,,,
,,,,,,,,,,,,,,,,,,,
,,,,,,,,,,,,,,,,,,,
,,,,,,,,,,,,,,,,,,,
,,,,,,,,,,,,,,,,,,,
,,,,,,,,,,,,,,,,,,,
,,,,,,,,,,,,,,,,,,,
,,,,,,,,,,,,,,,,,,,
,,,,,,,,,,,,,,,,,,,
,,,,,,,,,,,,,,,,,,,
,,,,,,,,,,,,,,,,,,,
,,,,,,,,,,,,,,,,,,,
,,,,,,,,,,,,,,,,,,,
,,,,,,,,,,,,,,,,,,,
,,,,,,,,,,,,,,,,,,,
,,,,,,,,,,,,,,,,,,,
,,,,,,,,,,,,,,,,,,,
,,,,,,,,,,,,,,,,,,,
,,,,,,,,,,,,,,,,,,,
,,,,,,,,,,,,,,,,,,,
,,,,,,,,,,,,,,,,,,,
,,,,,,,,,,,,,,,,,,,
,,,,,,,,,,,,,,,,,,,
,,,,,,,,,,,,,,,,,,,
,,,,,,,,,,,,,,,,,,,
,,,,,,,,,,,,,,,,,,,
,,,,,,,,,,,,,,,,,,,
,,,,,,,,,,,,,,,,,,,
,,,,,,,,,,,,,,,,,,,
,,,,,,,,,,,,,,,,,,,
,,,,,,,,,,,,,,,,,,,
,,,,,,,,,,,,,,,,,,,
,,,,,,,,,,,,,,,,,,,
,,,,,,,,,,,,,,,,,,,
,,,,,,,,,,,,,,,,,,,
,,,,,,,,,,,,,,,,,,,
,,,,,,,,,,,,,,,,,,,
,,,,,,,,,,,,,,,,,,,
,,,,,,,,,,,,,,,,,,,
,,,,,,,,,,,,,,,,,,,
,,,,,,,,,,,,,,,,,,,
,,,,,,,,,,,,,,,,,,,
,,,,,,,,,,,,,,,,,,,
,,,,,,,,,,,,,,,,,,,
,,,,,,,,,,,,,,,,,,,
,,,,,,,,,,,,,,,,,,,
,,,,,,,,,,,,,,,,,,,
,,,,,,,,,,,,,,,,,,,
,,,,,,,,,,,,,,,,,,,
,,,,,,,,,,,,,,,,,,,
,,,,,,,,,,,,,,,,,,,
,,,,,,,,,,,,,,,,,,,
,,,,,,,,,,,,,,,,,,,
,,,,,,,,,,,,,,,,,,,
,,,,,,,,,,,,,,,,,,,
,,,,,,,,,,,,,,,,,,,
,,,,,,,,,,,,,,,,,,,
,,,,,,,,,,,,,,,,,,,
,,,,,,,,,,,,,,,,,,,
,,,,,,,,,,,,,,,,,,,
,,,,,,,,,,,,,,,,,,,
,,,,,,,,,,,,,,,,,,,
,,,,,,,,,,,,,,,,,,,
,,,,,,,,,,,,,,,,,,,
,,,,,,,,,,,,,,,,,,,
,,,,,,,,,,,,,,,,,,,
,,,,,,,,,,,,,,,,,,,
,,,,,,,,,,,,,,,,,,,
,,,,,,,,,,,,,,,,,,,
,,,,,,,,,,,,,,,,,,,
,,,,,,,,,,,,,,,,,,,
,,,,,,,,,,,,,,,,,,,
,,,,,,,,,,,,,,,,,,,
,,,,,,,,,,,,,,,,,,,
,,,,,,,,,,,,,,,,,,,
,,,,,,,,,,,,,,,,,,,
,,,,,,,,,,,,,,,,,,,
,,,,,,,,,,,,,,,,,,,
,,,,,,,,,,,,,,,,,,,
,,,,,,,,,,,,,,,,,,,
,,,,,,,,,,,,,,,,,,,
,,,,,,,,,,,,,,,,,,,
,,,,,,,,,,,,,,,,,,,
,,,,,,,,,,,,,,,,,,,
,,,,,,,,,,,,,,,,,,,
,,,,,,,,,,,,,,,,,,,
,,,,,,,,,,,,,,,,,,,
,,,,,,,,,,,,,,,,,,,
,,,,,,,,,,,,,,,,,,,
,,,,,,,,,,,,,,,,,,,
,,,,,,,,,,,,,,,,,,,
,,,,,,,,,,,,,,,,,,,
,,,,,,,,,,,,,,,,,,,
,,,,,,,,,,,,,,,,,,,
,,,,,,,,,,,,,,,,,,,
,,,,,,,,,,,,,,,,,,,
,,,,,,,,,,,,,,,,,,,
,,,,,,,,,,,,,,,,,,,
,,,,,,,,,,,,,,,,,,,
,,,,,,,,,,,,,,,,,,,
,,,,,,,,,,,,,,,,,,,
,,,,,,,,,,,,,,,,,,,
,,,,,,,,,,,,,,,,,,,
,,,,,,,,,,,,,,,,,,,
,,,,,,,,,,,,,,,,,,,
,,,,,,,,,,,,,,,,,,,
,,,,,,,,,,,,,,,,,,,
,,,,,,,,,,,,,,,,,,,
,,,,,,,,,,,,,,,,,,,
,,,,,,,,,,,,,,,,,,,
,,,,,,,,,,,,,,,,,,,
,,,,,,,,,,,,,,,,,,,
,,,,,,,,,,,,,,,,,,,
,,,,,,,,,,,,,,,,,,,
,,,,,,,,,,,,,,,,,,,
,,,,,,,,,,,,,,,,,,,
,,,,,,,,,,,,,,,,,,,
,,,,,,,,,,,,,,,,,,,
,,,,,,,,,,,,,,,,,,,
,,,,,,,,,,,,,,,,,,,
,,,,,,,,,,,,,,,,,,,
,,,,,,,,,,,,,,,,,,,
,,,,,,,,,,,,,,,,,,,
,,,,,,,,,,,,,,,,,,,
,,,,,,,,,,,,,,,,,,,
,,,,,,,,,,,,,,,,,,,
,,,,,,,,,,,,,,,,,,,
,,,,,,,,,,,,,,,,,,,
,,,,,,,,,,,,,,,,,,,
,,,,,,,,,,,,,,,,,,,
,,,,,,,,,,,,,,,,,,,
,,,,,,,,,,,,,,,,,,,
,,,,,,,,,,,,,,,,,,,
,,,,,,,,,,,,,,,,,,,
,,,,,,,,,,,,,,,,,,,
,,,,,,,,,,,,,,,,,,,
,,,,,,,,,,,,,,,,,,,
,,,,,,,,,,,,,,,,,,,
,,,,,,,,,,,,,,,,,,,
,,,,,,,,,,,,,,,,,,,
,,,,,,,,,,,,,,,,,,,
,,,,,,,,,,,,,,,,,,,
,,,,,,,,,,,,,,,,,,,
,,,,,,,,,,,,,,,,,,,
,,,,,,,,,,,,,,,,,,,
,,,,,,,,,,,,,,,,,,,
,,,,,,,,,,,,,,,,,,,
,,,,,,,,,,,,,,,,,,,
,,,,,,,,,,,,,,,,,,,
,,,,,,,,,,,,,,,,,,,
,,,,,,,,,,,,,,,,,,,
,,,,,,,,,,,,,,,,,,,
,,,,,,,,,,,,,,,,,,,
,,,,,,,,,,,,,,,,,,,
,,,,,,,,,,,,,,,,,,,
,,,,,,,,,,,,,,,,,,,
,,,,,,,,,,,,,,,,,,,
,,,,,,,,,,,,,,,,,,,
,,,,,,,,,,,,,,,,,,,
,,,,,,,,,,,,,,,,,,,
,,,,,,,,,,,,,,,,,,,
,,,,,,,,,,,,,,,,,,,
,,,,,,,,,,,,,,,,,,,
,,,,,,,,,,,,,,,,,,,
,,,,,,,,,,,,,,,,,,,
,,,,,,,,,,,,,,,,,,,
,,,,,,,,,,,,,,,,,,,
,,,,,,,,,,,,,,,,,,,
,,,,,,,,,,,,,,,,,,,
,,,,,,,,,,,,,,,,,,,
,,,,,,,,,,,,,,,,,,,
,,,,,,,,,,,,,,,,,,,
,,,,,,,,,,,,,,,,,,,
,,,,,,,,,,,,,,,,,,,
,,,,,,,,,,,,,,,,,,,
,,,,,,,,,,,,,,,,,,,
,,,,,,,,,,,,,,,,,,,
,,,,,,,,,,,,,,,,,,,
,,,,,,,,,,,,,,,,,,,
,,,,,,,,,,,,,,,,,,,
,,,,,,,,,,,,,,,,,,,
,,,,,,,,,,,,,,,,,,,
,,,,,,,,,,,,,,,,,,,
,,,,,,,,,,,,,,,,,,,
,,,,,,,,,,,,,,,,,,,
,,,,,,,,,,,,,,,,,,,
,,,,,,,,,,,,,,,,,,,
,,,,,,,,,,,,,,,,,,,
,,,,,,,,,,,,,,,,,,,
,,,,,,,,,,,,,,,,,,,
,,,,,,,,,,,,,,,,,,,
,,,,,,,,,,,,,,,,,,,
,,,,,,,,,,,,,,,,,,,
,,,,,,,,,,,,,,,,,,,
,,,,,,,,,,,,,,,,,,,
,,,,,,,,,,,,,,,,,,,
,,,,,,,,,,,,,,,,,,,
,,,,,,,,,,,,,,,,,,,
,,,,,,,,,,,,,,,,,,,
,,,,,,,,,,,,,,,,,,,
,,,,,,,,,,,,,,,,,,,
,,,,,,,,,,,,,,,,,,,
,,,,,,,,,,,,,,,,,,,
,,,,,,,,,,,,,,,,,,,
,,,,,,,,,,,,,,,,,,,
,,,,,,,,,,,,,,,,,,,
,,,,,,,,,,,,,,,,,,,
,,,,,,,,,,,,,,,,,,,
,,,,,,,,,,,,,,,,,,,
,,,,,,,,,,,,,,,,,,,
,,,,,,,,,,,,,,,,,,,
,,,,,,,,,,,,,,,,,,,
,,,,,,,,,,,,,,,,,,,
,,,,,,,,,,,,,,,,,,,
,,,,,,,,,,,,,,,,,,,
,,,,,,,,,,,,,,,,,,,
,,,,,,,,,,,,,,,,,,,
,,,,,,,,,,,,,,,,,,,
,,,,,,,,,,,,,,,,,,,
,,,,,,,,,,,,,,,,,,,
,,,,,,,,,,,,,,,,,,,
,,,,,,,,,,,,,,,,,,,
,,,,,,,,,,,,,,,,,,,
,,,,,,,,,,,,,,,,,,,
,,,,,,,,,,,,,,,,,,,
,,,,,,,,,,,,,,,,,,,
,,,,,,,,,,,,,,,,,,,
,,,,,,,,,,,,,,,,,,,
,,,,,,,,,,,,,,,,,,,
,,,,,,,,,,,,,,,,,,,
,,,,,,,,,,,,,,,,,,,
,,,,,,,,,,,,,,,,,,,
,,,,,,,,,,,,,,,,,,,
,,,,,,,,,,,,,,,,,,,
,,,,,,,,,,,,,,,,,,,
,,,,,,,,,,,,,,,,,,,
,,,,,,,,,,,,,,,,,,,
,,,,,,,,,,,,,,,,,,,
,,,,,,,,,,,,,,,,,,,
,,,,,,,,,,,,,,,,,,,
,,,,,,,,,,,,,,,,,,,
,,,,,,,,,,,,,,,,,,,
,,,,,,,,,,,,,,,,,,,
,,,,,,,,,,,,,,,,,,,
,,,,,,,,,,,,,,,,,,,
,,,,,,,,,,,,,,,,,,,
,,,,,,,,,,,,,,,,,,,
,,,,,,,,,,,,,,,,,,,
,,,,,,,,,,,,,,,,,,,
,,,,,,,,,,,,,,,,,,,
,,,,,,,,,,,,,,,,,,,
,,,,,,,,,,,,,,,,,,,
,,,,,,,,,,,,,,,,,,,
,,,,,,,,,,,,,,,,,,,
,,,,,,,,,,,,,,,,,,,
,,,,,,,,,,,,,,,,,,,
,,,,,,,,,,,,,,,,,,,
,,,,,,,,,,,,,,,,,,,
,,,,,,,,,,,,,,,,,,,
,,,,,,,,,,,,,,,,,,,
,,,,,,,,,,,,,,,,,,,
,,,,,,,,,,,,,,,,,,,
,,,,,,,,,,,,,,,,,,,
,,,,,,,,,,,,,,,,,,,
,,,,,,,,,,,,,,,,,,,
,,,,,,,,,,,,,,,,,,,
,,,,,,,,,,,,,,,,,,,
,,,,,,,,,,,,,,,,,,,
,,,,,,,,,,,,,,,,,,,
,,,,,,,,,,,,,,,,,,,
,,,,,,,,,,,,,,,,,,,
,,,,,,,,,,,,,,,,,,,
,,,,,,,,,,,,,,,,,,,
,,,,,,,,,,,,,,,,,,,
,,,,,,,,,,,,,,,,,,,
,,,,,,,,,,,,,,,,,,,
,,,,,,,,,,,,,,,,,,,
,,,,,,,,,,,,,,,,,,,
,,,,,,,,,,,,,,,,,,,
,,,,,,,,,,,,,,,,,,,
,,,,,,,,,,,,,,,,,,,
,,,,,,,,,,,,,,,,,,,
,,,,,,,,,,,,,,,,,,,
,,,,,,,,,,,,,,,,,,,
,,,,,,,,,,,,,,,,,,,
,,,,,,,,,,,,,,,,,,,
,,,,,,,,,,,,,,,,,,,
,,,,,,,,,,,,,,,,,,,
,,,,,,,,,,,,,,,,,,,
,,,,,,,,,,,,,,,,,,,
,,,,,,,,,,,,,,,,,,,
,,,,,,,,,,,,,,,,,,,
,,,,,,,,,,,,,,,,,,,
,,,,,,,,,,,,,,,,,,,
,,,,,,,,,,,,,,,,,,,
,,,,,,,,,,,,,,,,,,,
,,,,,,,,,,,,,,,,,,,
,,,,,,,,,,,,,,,,,,,